Average,BestPic_Gross,Best_Picture,DirectorName,No_Of_Movies,Total_Gross,_id
$3.0,$4.4,Flash of Genius,Marc Abraham,2,$6.1,5cbf57e7f1b3f84eb09ba402
$43.5,$83.5,Airplane!,Jim Abrahams,8,$348.0,5cbf57e7f1b3f84eb09ba403
$336.8,$936.7,Star Wars: The Force Awakens,J.J. Abrams,5,"$1,684.2",5cbf57e7f1b3f84eb09ba404
$192.5,$441.2,Shrek 2,Andrew Adamson,6,"$1,154.7",5cbf57e7f1b3f84eb09ba405
$5.8,$5.8,Bordello of Blood,Gilbert Adler,1,$5.8,5cbf57e7f1b3f84eb09ba406
$64.7,$136.0,Argo,Ben Affleck,4,$258.9,5cbf57e7f1b3f84eb09ba407
$409k,$409k,I'm Still Here,Casey Affleck,1,$409k,5cbf57e7f1b3f84eb09ba408
$30.8,$37.3,Jumping the Broom,Salim Akil,2,$61.7,5cbf57e7f1b3f84eb09ba409
$11.0,$24.1,"Tinker, Tailor, Soldier, Spy",Tomas Alfredson,3,$33.0,5cbf57e7f1b3f84eb09ba40a
$88.3k,$88.3k,Crazy on the Outside,Tim Allen,1,$88.3k,5cbf57e7f1b3f84eb09ba40b
$13.4,$56.8,Midnight in Paris,Woody Allen,44,$591.4,5cbf57e7f1b3f84eb09ba40c
$22.4,$26.2,Ramona and Beezus,Elizabeth Allen (II),2,$44.8,5cbf57e7f1b3f84eb09ba40d
$4.3,$12.9,Volver,Pedro Almodovar,15,$64.7,5cbf57e7f1b3f84eb09ba40e
$13.9,$81.6,M.A.S.H.,Robert Altman,20,$277.7,5cbf57e7f1b3f84eb09ba40f
$52.8,$89.2,Don't Breathe,Fede Alvarez,3,$158.3,5cbf57e7f1b3f84eb09ba410
$11.8,$13.3,Case 39,Christian Alvart,2,$23.6,5cbf57e7f1b3f84eb09ba411
$19.9,$96.5,The Others,Alejandro Amenabar,5,$99.7,5cbf57e7f1b3f84eb09ba412
$507k,$507k,The Two Faces of January,Hossein Amini,1,$507k,5cbf57e7f1b3f84eb09ba413
$60.2,$150.4,Daddy's Home,Sean Anders,7,$421.6,5cbf57e7f1b3f84eb09ba414
$8.5,$51.9,The Call,Brad Anderson,7,$59.6,5cbf57e7f1b3f84eb09ba415
$19.1,$40.2,There Will Be Blood,Paul Thomas Anderson,8,$152.8,5cbf57e7f1b3f84eb09ba416
$36.8,$80.3,Alien Vs. Predator,Paul W.S. Anderson,12,$441.3,5cbf57e7f1b3f84eb09ba417
$29.3,$59.3,The Grand Budapest Hotel,Wes Anderson,9,$263.8,5cbf57e7f1b3f84eb09ba418
$237.3,$237.3,Brave,Mark Andrews,1,$237.3,5cbf57e7f1b3f84eb09ba419
$50.8,$50.8,The Boxtrolls,Graham Annable,1,$50.8,5cbf57e7f1b3f84eb09ba41a
$21.0,$51.4,Enemy at the Gates,Jean-Jacques Annaud,9,$188.6,5cbf57e7f1b3f84eb09ba41b
$18.2,$52.0,Predators,Nimród Antal,5,$91.0,5cbf57e7f1b3f84eb09ba41c
$39.4,$39.4,Burlesque,Steven Antin,1,$39.4,5cbf57e7f1b3f84eb09ba41d
$81.4,$148.8,Knocked Up,Judd Apatow,6,$488.6,5cbf57e7f1b3f84eb09ba41e
$31.9,$126.9,World Is Not Enough,Michael Apted,18,$574.9,5cbf57e7f1b3f84eb09ba41f
$292k,$713k,Mysterious Skin,Gregg Araki,7,$2.0,5cbf57e7f1b3f84eb09ba420
$9.7,$50.1,Little Women (1994),Gillian Armstrong,6,$57.9,5cbf57e7f1b3f84eb09ba421
$14.0,$14.0,Left Behind,Vic Armstrong,1,$14.0,5cbf57e7f1b3f84eb09ba422
$38.5,$107.0,Black Swan,Darren Aronofsky,7,$269.2,5cbf57e7f1b3f84eb09ba423
$116k,$201k,The Burning Plain,Guillermo Arriaga,2,$233k,5cbf57e7f1b3f84eb09ba424
$15.9,$67.0,Alexander,Miguel Arteta,7,$111.3,5cbf57e7f1b3f84eb09ba425
$164.9,$441.2,Shrek 2,Kelly Asbury,4,$659.5,5cbf57e7f1b3f84eb09ba426
$44.1,$44.1,Hereditary,Ari Aster,1,$44.1,5cbf57e7f1b3f84eb09ba427
$1.4,$2.1,A Prophet (Un prophète),Jacques Audiard,4,$5.4,5cbf57e7f1b3f84eb09ba428
$63.2k,$63.2k,The Nines,John August,1,$63.2k,5cbf57e7f1b3f84eb09ba429
$82.0,$325.1,Suicide Squad,David Ayer,6,$492.2,5cbf57e7f1b3f84eb09ba42a
$48.7k,$64.2k,Losing Chase,Kevin Bacon,2,$97.4k,5cbf57e7f1b3f84eb09ba42b
$80.7,$102.4,The Maze Runner,Wes Ball,3,$242.2,5cbf57e7f1b3f84eb09ba42c
$184.3,$184.3,Pitch Perfect 2,Elizabeth Banks,1,$184.3,5cbf57e7f1b3f84eb09ba42d
$11.8k,$11.8k,Falcon Rising,Ernie Barbarash,1,$11.8k,5cbf57e7f1b3f84eb09ba42e
$11.7,$27.9,Beastly,Daniel Barnz,3,$35.1,5cbf57e7f1b3f84eb09ba42f
$13.0,$13.0,Whip It,Drew Barrymore,1,$13.0,5cbf57e7f1b3f84eb09ba430
$35.9,$56.0,Romeo Must Die,Andrzej Bartkowiak,5,$179.4,5cbf57e7f1b3f84eb09ba431
$17.5,$17.5,Silent Hill 2,Michael J. Bassett,1,$17.5,5cbf57e7f1b3f84eb09ba432
$4.0,$7.8,Bad Words,Jason Bateman,2,$8.0,5cbf57e7f1b3f84eb09ba433
$1.4,$2.3,The East,Zal Batmanglij,2,$2.7,5cbf57e7f1b3f84eb09ba434
$3.2,$7.6,While We're Young,Noah Baumbach,9,$28.9,5cbf57e7f1b3f84eb09ba435
$179.0,$402.1,Transformers 2,Michael Bay,13,"$2,326.5",5cbf57e7f1b3f84eb09ba436
$111.9,$417.7,Jurassic World 2,J.A. Bayona,4,$447.6,5cbf57e7f1b3f84eb09ba437
$9.5,$19.1,"I, Frankenstein",Stuart Beattie,2,$19.1,5cbf57e7f1b3f84eb09ba438
$51.2,$103.7,Dick Tracy,Warren Beatty,5,$255.9,5cbf57e7f1b3f84eb09ba439
$40.1,$134.5,Wanted,Timur Bekmambetov,5,$200.4,5cbf57e7f1b3f84eb09ba43a
$1.6,$3.0,In a World,Lake Bell,2,$3.2,5cbf57e7f1b3f84eb09ba43b
$37.4,$53.3,The Devil Inside,William Brent Bell,3,$112.2,5cbf57e7f1b3f84eb09ba43c
$26.9,$26.9,Stick It,Jessica Bendinger,1,$26.9,5cbf57e7f1b3f84eb09ba43d
$12.5,$57.6,Life Is Beautiful,Roberto Benigni,5,$62.5,5cbf57e7f1b3f84eb09ba43e
$588k,$588k,The Disappearance of Eleanor Rigby,Ned Benson,1,$588k,5cbf57e7f1b3f84eb09ba43f
$25.8,$106.3,Kramer Vs. Kramer,Robert Benton,9,$231.8,5cbf57e7f1b3f84eb09ba440
$71.4,$227.9,Hancock,Peter Berg,10,$714.3,5cbf57e7f1b3f84eb09ba441
$32.0,$53.4,Life as We Know It,Greg Berlanti,3,$95.9,5cbf57e7f1b3f84eb09ba442
$27.3,$126.7,Lucy,Luc Besson,12,$327.0,5cbf57e7f1b3f84eb09ba443
$27.9,$60.1,The Family Stone,Thomas Bezucha,3,$83.8,5cbf57e7f1b3f84eb09ba444
$25.3,$95.7,Zero Dark Thirty,Kathryn Bigelow,9,$227.6,5cbf57e7f1b3f84eb09ba445
$13.9,$21.6,Black or White,Mike Binder,6,$83.3,5cbf57e7f1b3f84eb09ba446
$233.7,$608.6,Incredibles 2,Brad Bird,6,"$1,402.5",5cbf57e7f1b3f84eb09ba447
$9.6,$9.6,The Best of Enemies,Robin Bissell,1,$9.6,5cbf57e7f1b3f84eb09ba448
$12.7k,$12.7k,Virginia,Dustin Lance Black,1,$12.7k,5cbf57e7f1b3f84eb09ba449
$125.1,$409.0,Iron Man 3,Shane Black,4,$500.5,5cbf57e7f1b3f84eb09ba44a
$80.1,$115.6,District 9,Neill Blomkamp,3,$240.3,5cbf57e7f1b3f84eb09ba44b
$25.7,$58.4,Anastasia,Don Bluth,9,$230.9,5cbf57e7f1b3f84eb09ba44c
$101.9,$400.0,Captain Marvel,Anna Boden,4,$407.6,5cbf57e7f1b3f84eb09ba44d
$5.7,$10.2,House of the Dead,Uwe Boll,4,$22.6,5cbf57e7f1b3f84eb09ba44e
$62.5,$124.9,The Fault in our Stars,Josh Boone,2,$125.0,5cbf57e7f1b3f84eb09ba44f
$12.6,$49.1,The Possession,Ole Bornedal,4,$50.6,5cbf57e7f1b3f84eb09ba450
$46.2,$87.0,Saw II,Darren Lynn Bousman,5,$230.8,5cbf57e7f1b3f84eb09ba451
$41.3,$64.7,Flushed Away,David Bowers,5,$206.7,5cbf57e7f1b3f84eb09ba452
$38.6,$83.9,X-Files,Rob Bowman,4,$154.2,5cbf57e7f1b3f84eb09ba453
$25.0,$141.3,Slumdog Millionaire,Danny Boyle,12,$300.2,5cbf57e7f1b3f84eb09ba454
$44.8,$44.8,Red Dawn (2012),Dan Bradley,1,$44.8,5cbf57e7f1b3f84eb09ba455
$17.0,$35.1,The Hot Chick,Tom Brady,3,$51.0,5cbf57e7f1b3f84eb09ba456
$25.1,$45.0,Going in Style (2017),Zach Braff,3,$75.4,5cbf57e7f1b3f84eb09ba457
$49.1,$201.2,Cinderella,Kenneth Branagh,13,$638.2,5cbf57e7f1b3f84eb09ba458
$69.0,$234.8,Beverly Hills Cop,Martin Brest,6,$413.8,5cbf57e7f1b3f84eb09ba459
$27.8,$51.8,Footloose,Craig Brewer,3,$83.4,5cbf57e7f1b3f84eb09ba45a
$45.8,$126.3,Mr. Deeds,Steven Brill,6,$274.5,5cbf57e7f1b3f84eb09ba45b
$240k,$240k,Driving Lessons,Jeremy Brock,1,$240k,5cbf57e7f1b3f84eb09ba45c
$10.8,$32.2,"Definitely, Maybe",Adam Brooks,3,$32.4,5cbf57e7f1b3f84eb09ba45d
$8.8,$19.1,Mother (1996),Albert Brooks,7,$61.4,5cbf57e7f1b3f84eb09ba45e
$65.3,$148.5,As Good as It Gets,James L. Brooks,6,$391.5,5cbf57e7f1b3f84eb09ba45f
$39.4,$119.6,Blazing Saddles,Mel Brooks,10,$393.8,5cbf57e7f1b3f84eb09ba460
$11.2,$22.2,Two Can Play That Game,Mark Brown,2,$22.4,5cbf57e7f1b3f84eb09ba461
$5.8,$5.8,The Clearing,Pieter Jan Brugge,1,$5.8,5cbf57e7f1b3f84eb09ba462
$42.7,$57.0,Escape From Planet Earth,Cal Brunker,2,$85.4,5cbf57e7f1b3f84eb09ba463
$210.2,$400.7,Frozen,Chris Buck,3,$630.7,5cbf57e7f1b3f84eb09ba464
$63.1,$150.9,Divergent,Neil Burger,6,$378.5,5cbf57e7f1b3f84eb09ba465
$47.1k,$129k,The Groomsmen,Edward Burns,4,$188k,5cbf57e7f1b3f84eb09ba466
$5.1,$17.8,Going the Distance,Nanette Burstein,4,$20.2,5cbf57e7f1b3f84eb09ba467
$102.2,$334.2,Alice in Wonderland,Tim Burton,19,"$1,941.8",5cbf57e7f1b3f84eb09ba468
$5.1,$5.1,Birthday Girl,Jez Butterworth,1,$5.1,5cbf57e7f1b3f84eb09ba469
$30.0k,$30.0k,Sonny,Nicolas Cage,1,$30.0k,5cbf57e7f1b3f84eb09ba46a
$829k,$1.3,Another Earth,Mike Cahill,2,$1.7,5cbf57e7f1b3f84eb09ba46b
$219.6,$760.5,Avatar,James Cameron,9,"$1,976.0",5cbf57e7f1b3f84eb09ba46c
$59.5,$167.4,Casino Royale,Martin Campbell,12,$714.1,5cbf57e7f1b3f84eb09ba46d
$8.1,$40.2,The Piano,Jane Campion,7,$56.8,5cbf57e7f1b3f84eb09ba46e
$60.3,$60.3,Blockers,Kay Cannon,1,$60.3,5cbf57e7f1b3f84eb09ba46f
$43.8,$77.2,The A-Team,Joe Carnahan,4,$175.1,5cbf57e7f1b3f84eb09ba470
$25.3,$44.5,"McFarland, USA",Niki Caro,4,$101.2,5cbf57e7f1b3f84eb09ba471
$19.2,$47.0,Halloween,John Carpenter,15,$288.6,5cbf57e7f1b3f84eb09ba472
$72.5,$146.3,Paul Blart: Mall Cop,Steve Carr,7,$507.4,5cbf57e7f1b3f84eb09ba473
$45.2,$91.1,Save the Last Dance,Thomas Carter,5,$226.1,5cbf57e7f1b3f84eb09ba474
$42.6,$101.4,Eagle Eye,D.J. Caruso,8,$340.5,5cbf57e7f1b3f84eb09ba475
$44.1,$83.9,The Other Woman,Nick Cassavetes,7,$308.7,5cbf57e7f1b3f84eb09ba476
$23.4,$54.9,The Jackal,Michael Caton-Jones,9,$210.2,5cbf57e7f1b3f84eb09ba477
$715k,$2.0,Footnote,Joseph Cedar,3,$2.1,5cbf57e7f1b3f84eb09ba478
$9.5,$26.8,The Other Boleyn Girl,Justin Chadwick,4,$37.9,5cbf57e7f1b3f84eb09ba479
$136k,$136k,1911,Jackie Chan,1,$136k,5cbf57e7f1b3f84eb09ba47a
$5.8,$6.3,All Is Lost,J.C. Chandor,3,$17.4,5cbf57e7f1b3f84eb09ba47b
$25.6,$80.3,The Dukes of Hazzard,Jay Chandrasekhar,6,$153.6,5cbf57e7f1b3f84eb09ba47c
$169.3,$237.3,Brave,Brenda Chapman,2,$338.7,5cbf57e7f1b3f84eb09ba47d
$52.4,$128.5,Borat,Larry Charles,5,$261.8,5cbf57e7f1b3f84eb09ba47e
$611k,$611k,Not Fade Away,David Chase,1,$611k,5cbf57e7f1b3f84eb09ba47f
$52.3,$151.1,La La Land,Damien Chazelle,4,$209.2,5cbf57e7f1b3f84eb09ba480
$75.1,$132.4,Wonder,Stephen Chbosky,2,$150.2,5cbf57e7f1b3f84eb09ba481
$2.6,$2.6,Miles Ahead,Don Cheadle,1,$2.6,5cbf57e7f1b3f84eb09ba482
$23.4,$79.6,Hannah Montana The Movie,Peter Chelsom,9,$211.0,5cbf57e7f1b3f84eb09ba483
$8.8,$20.8,The Kids Are All Right,Lisa Cholodenko,3,$26.4,5cbf57e7f1b3f84eb09ba484
$4.6,$7.0,The Triplets of Belleville,Sylvain Chomet,2,$9.2,5cbf57e7f1b3f84eb09ba485
$37.3,$37.3,The Roommate,Christian E. Christiansen,1,$37.3,5cbf57e7f1b3f84eb09ba486
$68.0,$174.5,Crazy Rich Asians,Jon Chu,8,$544.0,5cbf57e7f1b3f84eb09ba487
$14.6,$21.4,The Place Beyond the Pines,Derek Cianfrance,3,$43.7,5cbf57e7f1b3f84eb09ba488
$14.4,$49.0,The Deer Hunter,Michael Cimino,7,$101.0,5cbf57e7f1b3f84eb09ba489
$34.0,$78.0,The Monuments Men,George Clooney,6,$203.7,5cbf57e7f1b3f84eb09ba48a
$50.3,$171.2,True Grit,Ethan Coen,8,$402.5,5cbf57e7f1b3f84eb09ba48b
$31.9,$171.2,True Grit,Joel Coen,18,$574.2,5cbf57e7f1b3f84eb09ba48c
$305.1,$368.1,Despicable Me 2,Pierre Coffin,4,"$1,220.2",5cbf57e7f1b3f84eb09ba48d
$25.6,$25.6,The House,Andrew J. Cohen,1,$25.6,5cbf57e7f1b3f84eb09ba48e
$60.5,$90.4,Get Hard,Etan Cohen,2,$121.0,5cbf57e7f1b3f84eb09ba48f
$49.6,$144.5,Fast and the Furious,Rob Cohen,13,$644.5,5cbf57e7f1b3f84eb09ba490
$43.5,$92.2,Non-Stop,Jaume Collet-Serra,8,$347.7,5cbf57e7f1b3f84eb09ba491
$116.7,$317.9,Harry Potter / Sorcerer's Stone,Chris Columbus,15,"$1,750.8",5cbf57e7f1b3f84eb09ba492
$137.0,$504.0,Beauty and the Beast,Bill Condon,9,"$1,232.6",5cbf57e7f1b3f84eb09ba493
$409k,$409k,The Promotion,Steve Conrad,1,$409k,5cbf57e7f1b3f84eb09ba494
$275.3,$700.1,Black Panther,Ryan Coogler,3,$825.9,5cbf57e7f1b3f84eb09ba495
$78.3,$120.6,Mulan,Barry Cook,2,$156.7,5cbf57e7f1b3f84eb09ba496
$28.4,$28.4,Employee of the Month,Greg Coolidge,1,$28.4,5cbf57e7f1b3f84eb09ba497
$12.3,$29.0,Out to Sea,Martha Coolidge,11,$135.7,5cbf57e7f1b3f84eb09ba498
$215.3,$215.3,A Star is Born,Bradley Cooper,1,$215.3,5cbf57e7f1b3f84eb09ba499
$35.8,$62.6,Black Mass,Scott Cooper,4,$143.2,5cbf57e7f1b3f84eb09ba49a
$42.6,$135.0,The Godfather,Francis Ford Coppola,17,$723.8,5cbf57e7f1b3f84eb09ba49b
$230k,$414k,CQ,Roman Coppola,2,$460k,5cbf57e7f1b3f84eb09ba49c
$14.0,$44.6,Lost in Translation,Sofia Coppola,6,$83.8,5cbf57e7f1b3f84eb09ba49d
$82.1,$161.5,Waterboy,Frank Coraci,7,$575.0,5cbf57e7f1b3f84eb09ba49e
$17.9,$35.6,The American,Anton Corbijn,3,$53.7,5cbf57e7f1b3f84eb09ba49f
$8.9,$16.8,The Kid Who Would be King,Joe Cornish,2,$17.8,5cbf57e7f1b3f84eb09ba4a0
$548k,$1.0,Buried,Rodrigo Cortes,2,$1.1,5cbf57e7f1b3f84eb09ba4a1
$87.1,$184.2,Dances with Wolves,Kevin Costner,4,$348.4,5cbf57e7f1b3f84eb09ba4a2
$16.7,$19.1,Remember Me,Allen Coulter,2,$33.5,5cbf57e7f1b3f84eb09ba4a3
$11.0k,$11.0k,Just Before I Go,Courteney Cox,1,$11.0k,5cbf57e7f1b3f84eb09ba4a4
$36.2,$103.0,Scream,Wes Craven,16,$579.5,5cbf57e7f1b3f84eb09ba4a5
$1.1,$2.3,Collide,Eran Creevy,2,$2.3,5cbf57e7f1b3f84eb09ba4a6
$50.0,$154.0,Jerry Maguire,Cameron Crowe,9,$450.4,5cbf57e7f1b3f84eb09ba4a7
$4.2,$4.2,The Water Diviner,Russell Crowe,1,$4.2,5cbf57e7f1b3f84eb09ba4a8
$9.4,$38.3,Brooklyn,John Crowley,5,$47.1,5cbf57e7f1b3f84eb09ba4a9
$87.1,$274.1,Gravity,Alfonso Cuaron,7,$609.7,5cbf57e7f1b3f84eb09ba4aa
$2.0,$2.0,Desierto,Jonas Cuaron,1,$2.0,5cbf57e7f1b3f84eb09ba4ab
$23.0,$23.0,Players Club,Ice Cube,1,$23.0,5cbf57e7f1b3f84eb09ba4ac
$8.0,$36.2,American Assassin,Michael Cuesta,5,$39.9,5cbf57e7f1b3f84eb09ba4ad
$5.0,$17.4,Chappaquiddick,John Curran,6,$29.8,5cbf57e7f1b3f84eb09ba4ae
$27.1,$50.5,If I Stay,R.J. Cutler,2,$54.3,5cbf57e7f1b3f84eb09ba4af
$16.7,$33.4,2016 Obama's America,Dinesh D'Souza,4,$66.9,5cbf57e7f1b3f84eb09ba4b0
$8.6,$22.9,Rounders,John Dahl,8,$68.9,5cbf57e7f1b3f84eb09ba4b1
$25.9,$41.7,The Hours,Stephen Daldry,5,$129.7,5cbf57e7f1b3f84eb09ba4b2
$41.3,$116.6,The Butler,Lee Daniels,4,$165.3,5cbf57e7f1b3f84eb09ba4b3
$1.0,$1.0,Wildlife,Paul Dano,1,$1.0,5cbf57e7f1b3f84eb09ba4b4
$54.6,$136.8,Green Mile,Frank Darabont,4,$218.5,5cbf57e7f1b3f84eb09ba4b5
$152.8,$216.4,Madagascar 3,Eric Darnell,5,$764.1,5cbf57e7f1b3f84eb09ba4b6
$52.0,$183.9,The Fugitive,Andrew Davis,11,$571.8,5cbf57e7f1b3f84eb09ba4b7
$25.0,$59.9,Little Miss Sunshine,Jonathan Dayton,3,$75.1,5cbf57e7f1b3f84eb09ba4b8
$108.6,$187.2,The Croods,Kirk De Micco,2,$217.3,5cbf57e7f1b3f84eb09ba4b9
$35.3,$181.0,Mission: Impossible,Brian De Palma,18,$636.1,5cbf57e7f1b3f84eb09ba4ba
$174.9,$217.6,How to Train Your Dragon,Dean DeBlois,4,$699.5,5cbf57e7f1b3f84eb09ba4bb
$113.7,$241.7,Twister,Jan DeBont,5,$568.6,5cbf57e7f1b3f84eb09ba4bc
$590k,$1.7,Every Little Step,Adam Del Deo,3,$1.8,5cbf57e7f1b3f84eb09ba4bd
$47.9,$101.8,Pacific Rim,Guillermo del Toro,10,$479.2,5cbf57e7f1b3f84eb09ba4be
$18.2,$20.4,Brick Mansions,Camille Delamarre,2,$36.4,5cbf57e7f1b3f84eb09ba4bf
$1.7,$4.4,2 Days in Paris,Julie Delpy,3,$5.1,5cbf57e7f1b3f84eb09ba4c0
$19.6,$130.7,Silence of the Lambs,Jonathan Demme,20,$391.9,5cbf57e7f1b3f84eb09ba4c1
$68.2,$72.0,The Purge: Anarchy,James DeMonaco,2,$136.4,5cbf57e7f1b3f84eb09ba4c2
$964k,$2.3,Chocolat (1989),Claire Denis,4,$3.9,5cbf57e7f1b3f84eb09ba4c3
$93.1,$232.6,Doctor Strange,Scott Derrickson,5,$465.7,5cbf57e7f1b3f84eb09ba4c4
$36.8,$86.9,The War of the Roses,Danny DeVito,6,$220.6,5cbf57e7f1b3f84eb09ba4c5
$18.6,$33.7,Geostorm,Dean Devlin,2,$37.1,5cbf57e7f1b3f84eb09ba4c6
$54.3,$88.7,Failure to Launch,Tom Dey,4,$217.4,5cbf57e7f1b3f84eb09ba4c7
$11.7,$11.7,Gone,Heitor Dhalia,1,$11.7,5cbf57e7f1b3f84eb09ba4c8
$919k,$919k,Singh is Bling,Prabhu Dheva,1,$919k,5cbf57e7f1b3f84eb09ba4c9
$11.4,$11.4,Unforgettable,Denise Di Novi,1,$11.4,5cbf57e7f1b3f84eb09ba4ca
$431k,$1.1,Living in Oblivion,Tom DiCillo,5,$2.2,5cbf57e7f1b3f84eb09ba4cb
$166k,$307k,This Film Is Not Yet Rated,Kirby Dick,5,$831k,5cbf57e7f1b3f84eb09ba4cc
$13.9,$21.6,Bulletproof,Ernest R. Dickerson,6,$83.5,5cbf57e7f1b3f84eb09ba4cd
$71.3,$209.3,Wedding Crashers,David Dobkin,6,$427.7,5cbf57e7f1b3f84eb09ba4ce
$313.1,$356.5,Inside Out,Pete Docter,3,$939.4,5cbf57e7f1b3f84eb09ba4cf
$1.8,$3.5,Mommy,Xavier Dolan,2,$3.6,5cbf57e7f1b3f84eb09ba4d0
$6.4,$15.0,Killing Them Softly,Andrew Dominik,3,$19.2,5cbf57e7f1b3f84eb09ba4d1
$30.2,$78.2,Cocktail,Roger Donaldson,15,$452.8,5cbf57e7f1b3f84eb09ba4d2
$71.2,$147.3,Lethal Weapon 2,Richard Donner,16,"$1,139.3",5cbf57e7f1b3f84eb09ba4d3
$42.7,$42.7,Krampus,Michael Dougherty,1,$42.7,5cbf57e7f1b3f84eb09ba4d4
$33.6,$33.6,Devil,Drew Dowdle,1,$33.6,5cbf57e7f1b3f84eb09ba4d5
$28.5,$33.6,Devil,John Erick Dowdle,4,$113.9,5cbf57e7f1b3f84eb09ba4d6
$3.5,$6.9,Take Me Home Tonight,Michael Dowse,3,$10.5,5cbf57e7f1b3f84eb09ba4d7
$6.9k,$6.9k,Hungry Hearts,Adam Driver,1,$6.9k,5cbf57e7f1b3f84eb09ba4d8
$38.7,$49.8,Racing Stripes,Frederik Du Chau,3,$116.0,5cbf57e7f1b3f84eb09ba4d9
$36.1,$49.8,Racing Stripes,Frederik Du Chou,2,$72.3,5cbf57e7f1b3f84eb09ba4da
$389k,$389k,House of D,David Duchovny,1,$389k,5cbf57e7f1b3f84eb09ba4db
$78.3,$163.5,Big Daddy,Dennis Dugan,14,"$1,096.7",5cbf57e7f1b3f84eb09ba4dc
$17.8,$57.3,Sister Act 2: Back in the Habit,Bill Duke,7,$124.6,5cbf57e7f1b3f84eb09ba4dd
$7.3,$7.7,The Collector,Marcus Dunstan,2,$14.6,5cbf57e7f1b3f84eb09ba4de
$2.4,$7.5,Cyrus,Jay Duplass,5,$12.1,5cbf57e7f1b3f84eb09ba4df
$3.0,$7.5,Cyrus,Mark Duplass,4,$11.9,5cbf57e7f1b3f84eb09ba4e0
$10.4,$19.9,The Apostle,Robert Duvall,2,$20.9,5cbf57e7f1b3f84eb09ba4e1
$38.2,$100.5,A Wrinkle in Time,Ava DuVernay,4,$152.9,5cbf57e7f1b3f84eb09ba4e2
$54.3,$350.1,American Sniper,Clint Eastwood,36,"$1,956.1",5cbf57e7f1b3f84eb09ba4e3
$244.4,$532.2,Rogue One,Gareth Edwards,3,$733.1,5cbf57e7f1b3f84eb09ba4e4
$1.4,$3.1,Chloe,Atom Egoyan,5,$6.8,5cbf57e7f1b3f84eb09ba4e5
$36.0k,$36.0k,Yardie,Idris Elba,1,$36.0k,5cbf57e7f1b3f84eb09ba4e6
$7.6,$16.5,Eye of the Beholder,Stephan Elliot,4,$30.4,5cbf57e7f1b3f84eb09ba4e7
$38.5,$66.5,The Final Destination,David R. Ellis,6,$231.1,5cbf57e7f1b3f84eb09ba4e8
$107.7,$306.2,Independence Day,Roland Emmerich,12,"$1,292.2",5cbf57e7f1b3f84eb09ba4e9
$64.4,$126.8,Sleepless in Seattle,Nora Ephron,8,$515.2,5cbf57e7f1b3f84eb09ba4ea
$28.4,$83.5,I Can Only Imagine,Andrew Erwin,4,$113.7,5cbf57e7f1b3f84eb09ba4eb
$28.4,$83.5,I Can Only Imagine,Jon Erwin,4,$113.7,5cbf57e7f1b3f84eb09ba4ec
$39.5,$126.4,Safe House,Daniel Espinosa,4,$158.0,5cbf57e7f1b3f84eb09ba4ed
$334k,$604k,Mean Creek,Jacob Aaron Estes,2,$668k,5cbf57e7f1b3f84eb09ba4ee
$24.8,$28.5,Mr. Brooks,Bruce A. Evans,2,$49.7,5cbf57e7f1b3f84eb09ba4ef
$37.2k,$37.2k,Before We Go,Chris Evans,1,$37.2k,5cbf57e7f1b3f84eb09ba4f0
$3.4,$4.1,The Raid: Redemption,Gareth Evans,2,$6.7,5cbf57e7f1b3f84eb09ba4f1
$2.4,$2.7,The Good Lie,Philippe Falardeau,2,$4.7,5cbf57e7f1b3f84eb09ba4f2
$24.2,$27.4,Brown Sugar,Rick Famuyiwa,3,$72.7,5cbf57e7f1b3f84eb09ba4f3
$25.0,$59.9,Little Miss Sunshine,Valerie Faris,3,$75.1,5cbf57e7f1b3f84eb09ba4f4
$842k,$842k,Higher Ground,Vera Farmiga,1,$842k,5cbf57e7f1b3f84eb09ba4f5
$66.0,$176.5,Something About Mary,The Farrelly Bros.,12,$792.0,5cbf57e7f1b3f84eb09ba4f6
$166.9,$364.0,The Jungle Book,Jon Favreau,8,"$1,334.9",5cbf57e7f1b3f84eb09ba4f7
$106.3,$169.1,Bridesmaids,Paul Feig,6,$638.1,5cbf57e7f1b3f84eb09ba4f8
$57.2,$64.7,Flushed Away,Sam Fell,3,$171.5,5cbf57e7f1b3f84eb09ba4f9
$924k,$924k,Separate Lies,Julian Fellowes,1,$924k,5cbf57e7f1b3f84eb09ba4fa
$1.9,$4.3,Inside Job,Charles Ferguson,3,$5.8,5cbf57e7f1b3f84eb09ba4fb
$14.6,$23.4,Endless Love,Shana Feste,3,$43.8,5cbf57e7f1b3f84eb09ba4fc
$40.8,$84.4,"Crazy, Stupid, Love.",Glenn Ficarra,4,$163.3,5cbf57e7f1b3f84eb09ba4fd
$60.9,$90.6,The Game Plan,Andy Fickman,6,$365.6,5cbf57e7f1b3f84eb09ba4fe
$20.7,$35.9,In the Bedroom,Todd Field,2,$41.4,5cbf57e7f1b3f84eb09ba4ff
$996k,$1.2,The Invisible Woman,Ralph Fiennes,2,$2.0,5cbf57e7f1b3f84eb09ba500
$86.5,$167.8,Gone Girl,David Fincher,10,$865.2,5cbf57e7f1b3f84eb09ba501
$36.5,$50.9,Road to El Dorado,Will Finn,3,$109.4,5cbf57e7f1b3f84eb09ba502
$31.4,$35.1,Ouija 2,Mike Flanagan,2,$62.8,5cbf57e7f1b3f84eb09ba503
$82.1,$400.0,Captain Marvel,Ryan Fleck,5,$410.3,5cbf57e7f1b3f84eb09ba504
$93.0,$213.5,Venom,Ruben Fleischer,4,$372.2,5cbf57e7f1b3f84eb09ba505
$15.2,$25.6,Nancy Drew,Andrew Fleming,7,$106.6,5cbf57e7f1b3f84eb09ba506
$75.6,$164.0,The Proposal,Anne Fletcher,5,$377.8,5cbf57e7f1b3f84eb09ba507
$17.2k,$17.2k,Violet & Daisy,Geoffrey Fletcher,1,$17.2k,5cbf57e7f1b3f84eb09ba508
$4.9,$5.6,Danny Collins,Dan Fogelman,2,$9.7,5cbf57e7f1b3f84eb09ba509
$25.6,$114.6,Fifty Shades Darker,James Foley,13,$333.1,5cbf57e7f1b3f84eb09ba50a
$9.9,$10.7,Nocturnal Animals,Tom Ford,2,$19.8,5cbf57e7f1b3f84eb09ba50b
$61.4,$202.4,World War Z,Marc Forster,10,$613.7,5cbf57e7f1b3f84eb09ba50c
$21.1,$41.0,Money Monster,Jodie Foster,4,$84.5,5cbf57e7f1b3f84eb09ba50d
$4.2,$21.1,The Disaster Artist,James Franco,5,$21.2,5cbf57e7f1b3f84eb09ba50e
$15.5,$26.3,A Walk Among the Tombstones,Scott Frank,2,$30.9,5cbf57e7f1b3f84eb09ba50f
$53.6,$143.2,Marley and Me,David Frankel,7,$375.0,5cbf57e7f1b3f84eb09ba510
$24.3,$41.5,High Crimes,Carl Franklin,6,$145.8,5cbf57e7f1b3f84eb09ba511
$12.1,$56.4,The Queen,Stephen Frears,23,$278.3,5cbf57e7f1b3f84eb09ba512
$9.7,$28.6,28 Weeks Later,Juan Carlos Fresnadillo,3,$29.0,5cbf57e7f1b3f84eb09ba513
$68.5,$73.0,Hotel for Dogs,Thor Freudenthal,3,$205.6,5cbf57e7f1b3f84eb09ba514
$32.2,$39.7,Epic Movie,Jason Friedberg,4,$128.8,5cbf57e7f1b3f84eb09ba515
$31.0,$232.9,The Exorcist,William Friedkin,16,$495.4,5cbf57e7f1b3f84eb09ba516
$4.6,$11.2,Jane Eyre,Cary Fukunaga,3,$13.9,5cbf57e7f1b3f84eb09ba517
$56.1,$102.1,The Equalizer 2,Antoine Fuqua,13,$729.5,5cbf57e7f1b3f84eb09ba518
$30.9,$58.0,The Lincoln Lawyer,Brad Furman,3,$92.8,5cbf57e7f1b3f84eb09ba519
$22.9,$50.8,Syriana,Stephen Gaghan,3,$68.8,5cbf57e7f1b3f84eb09ba51a
$5.9,$29.8,Double Take,George Gallo,7,$41.1,5cbf57e7f1b3f84eb09ba51b
$1.4,$2.4,Buffalo '66,Vincent Gallo,2,$2.7,5cbf57e7f1b3f84eb09ba51c
$29.1,$47.0,Silent Hill,Christophe Gans,2,$58.2,5cbf57e7f1b3f84eb09ba51d
$64.5,$64.5,The Wedding Ringer,Jeremy Garelick,1,$64.5,5cbf57e7f1b3f84eb09ba51e
$29.1,$32.7,Annihilation,Alex Garland,2,$58.2,5cbf57e7f1b3f84eb09ba51f
$7.6,$15.2,The Last Exorcism Part II,Ed Gass-Donnelly,2,$15.2,5cbf57e7f1b3f84eb09ba520
$14.2,$25.8,The Lazarus Effect,David Gelb,2,$28.4,5cbf57e7f1b3f84eb09ba521
$18.5,$18.5,The Invention of Lying,Ricky Gervais,1,$18.5,5cbf57e7f1b3f84eb09ba522
$3.3,$6.0,Hitchcock,Sacha Gervasi,2,$6.7,5cbf57e7f1b3f84eb09ba523
$24.5,$49.0,Lady Bird,Greta Gerwig,2,$49.0,5cbf57e7f1b3f84eb09ba524
$117.8,$370.8,Passion of the Christ,Mel Gibson,5,$589.2,5cbf57e7f1b3f84eb09ba525
$4.1k,$4.1k,The Party's Just Beginning,Karen Gillan,1,$4.1k,5cbf57e7f1b3f84eb09ba526
$24.0,$36.5,Million Dollar Arm,Craig Gillespie,6,$144.1,5cbf57e7f1b3f84eb09ba527
$19.7,$57.1,12 Monkeys,Terry Gilliam,11,$216.4,5cbf57e7f1b3f84eb09ba528
$22.2,$32.4,Nightcrawler,Dan Gilroy,2,$44.3,5cbf57e7f1b3f84eb09ba529
$67.6,$113.2,The Bourne Legacy,Tony Gilroy,3,$202.8,5cbf57e7f1b3f84eb09ba52a
$5.3,$18.8,Still Alice,Richard Glatzer,4,$21.3,5cbf57e7f1b3f84eb09ba52b
$66.5,$115.3,Peter Rabbit,Will Gluck,5,$332.6,5cbf57e7f1b3f84eb09ba52c
$30.0,$42.1,The Cabin in the Woods,Drew Goddard,2,$59.9,5cbf57e7f1b3f84eb09ba52d
$53.8,$101.5,This is the End,Evan Goldberg,2,$107.6,5cbf57e7f1b3f84eb09ba52e
$19.0,$19.0,Bed of Roses,Michael Goldenberg,1,$19.0,5cbf57e7f1b3f84eb09ba52f
$12.6,$12.6,Winter's Tale,Akiva Goldsman,1,$12.6,5cbf57e7f1b3f84eb09ba530
$64.0,$69.2,Game Night,Jonathan M. Goldstein,2,$128.1,5cbf57e7f1b3f84eb09ba531
$119k,$222k,World's Greatest Dad,Bobcat Goldthwait,4,$475k,5cbf57e7f1b3f84eb09ba532
$13.5,$98.8,The Green Hornet,Michel Gondry,12,$162.4,5cbf57e7f1b3f84eb09ba533
$47.8,$183.6,The Revenant,Alejandro González Iñárritu,6,$287.1,5cbf57e7f1b3f84eb09ba534
$10.8,$21.4,The Darkest Hour,Chris Gorak,2,$21.5,5cbf57e7f1b3f84eb09ba535
$67.0,$118.6,Blades of Glory,Josh Gordon,3,$201.1,5cbf57e7f1b3f84eb09ba536
$568k,$1.5,A Midnight Clear,Keith Gordon,5,$2.8,5cbf57e7f1b3f84eb09ba537
$86.2,$134.5,Identity Thief,Seth Gordon,5,$430.9,5cbf57e7f1b3f84eb09ba538
$24.5,$24.5,Don Jon,Joseph Gordon-Levitt,1,$24.5,5cbf57e7f1b3f84eb09ba539
$26.1,$26.1,That Awkward Moment,Tom Gormican,1,$26.1,5cbf57e7f1b3f84eb09ba53a
$45.4k,$45.4k,Lost River,Ryan Gosling,1,$45.4k,5cbf57e7f1b3f84eb09ba53b
$82.1,$153.3,Scooby-Doo,Raja Gosnell,10,$820.8,5cbf57e7f1b3f84eb09ba53c
$38.6,$52.4,Blade: Trinity,David S. Goyer,3,$115.7,5cbf57e7f1b3f84eb09ba53d
$12.6,$30.9,Joyful Noise,Todd Graff,3,$37.8,5cbf57e7f1b3f84eb09ba53e
$4.2,$6.5,Winter's Bone,Debra Granik,3,$12.6,5cbf57e7f1b3f84eb09ba53f
$15.5,$15.5,Catch and Release,Susannah Grant,1,$15.5,5cbf57e7f1b3f84eb09ba540
$84.2,$226.0,Fate of the Furious,F. Gary Gray,9,$758.0,5cbf57e7f1b3f84eb09ba541
$7.4,$28.6,We Own the Night,James Gray,6,$44.3,5cbf57e7f1b3f84eb09ba542
$8.0,$20.4,Glimmer Man,John Gray,3,$24.1,5cbf57e7f1b3f84eb09ba543
$60.5,$82.1,Teenage Mutant Ninja Turtles 2,Dave Green,2,$121.0,5cbf57e7f1b3f84eb09ba544
$24.0,$159.3,Halloween (2018),David Gordon Green,13,$312.0,5cbf57e7f1b3f84eb09ba545
$48.4,$82.4,Let's Be Cops,Luke Greenfield,4,$193.8,5cbf57e7f1b3f84eb09ba546
$92.6,$227.5,The Bourne Ultimatum,Paul Greengrass,8,$740.6,5cbf57e7f1b3f84eb09ba547
$2.9,$2.9,Choke,Clark Gregg,1,$2.9,5cbf57e7f1b3f84eb09ba548
$23.2,$23.2,Sanctum,Alister Grierson,1,$23.2,5cbf57e7f1b3f84eb09ba549
$6.9,$18.1,Call Me by Your Name,Luca Guadagnino,4,$27.6,5cbf57e7f1b3f84eb09ba54a
$9.1,$18.7,Best in Show,Christopher Guest,5,$45.7,5cbf57e7f1b3f84eb09ba54b
$7.2,$24.1,An Inconvenient Truth,Davis Guggenheim,6,$42.9,5cbf57e7f1b3f84eb09ba54c
$182.8,$389.8,Guardians of the Galaxy 2,James Gunn,4,$731.1,5cbf57e7f1b3f84eb09ba54d
$50.2,$50.2,The Book of Life,Jorge R. Gutierrez,1,$50.2,5cbf57e7f1b3f84eb09ba54e
$30.5,$129.8,An Officer and a Gentleman,Taylor Hackford,14,$426.8,5cbf57e7f1b3f84eb09ba54f
$27.7,$72.0,1408,Mikael Hafstrom,6,$166.3,5cbf57e7f1b3f84eb09ba550
$20.9,$54.6,Crash,Paul Haggis,4,$83.5,5cbf57e7f1b3f84eb09ba551
$80.7k,$80.7k,Waking Sleeping Beauty,Don Hahn,1,$80.7k,5cbf57e7f1b3f84eb09ba552
$124.6,$222.5,Big Hero 6,Don Hall,2,$249.2,5cbf57e7f1b3f84eb09ba553
$9.5,$9.5,Thank You for Your Service (2017),Jason Dean Hall,1,$9.5,5cbf57e7f1b3f84eb09ba554
$90.3,$90.3,Planes,Klay Hall,1,$90.3,5cbf57e7f1b3f84eb09ba555
$36.6,$80.0,Dear John,Lasse Hallstrom,16,$585.7,5cbf57e7f1b3f84eb09ba556
$1.1,$3.2,Carrington,Christopher Hampton,3,$3.4,5cbf57e7f1b3f84eb09ba557
$90.0,$256.0,The Blind Side,John Lee Hancock,5,$450.1,5cbf57e7f1b3f84eb09ba558
$1.9,$6.7,Amour,Michael Haneke,8,$15.4,5cbf57e7f1b3f84eb09ba559
$30.7,$35.6,Larry Crowne,Tom Hanks,2,$61.5,5cbf57e7f1b3f84eb09ba55a
$37.0,$116.8,8 Mile,Curtis Hanson,11,$406.8,5cbf57e7f1b3f84eb09ba55b
$37.5,$192.8,Twilight,Catherine Hardwicke,8,$300.1,5cbf57e7f1b3f84eb09ba55c
$5.9,$15.8,The Gospel,Rob Hardy,3,$17.8,5cbf57e7f1b3f84eb09ba55d
$760k,$1.3,Wetherby,David Hare,3,$2.3,5cbf57e7f1b3f84eb09ba55e
$32.9,$117.5,Die Hard 2,Renny Harlin,16,$526.7,5cbf57e7f1b3f84eb09ba55f
$26.5,$26.5,Woman in Black 2,Tom Harper,1,$26.5,5cbf57e7f1b3f84eb09ba560
$229k,$229k,Imaginary Heroes,Dan Harris,1,$229k,5cbf57e7f1b3f84eb09ba561
$14.4,$20.2,Appaloosa,Ed Harris,2,$28.8,5cbf57e7f1b3f84eb09ba562
$491k,$744k,Seymour: An Introduction,Ethan Hawke,3,$1.5,5cbf57e7f1b3f84eb09ba563
$73.6,$154.5,Horton Hears a Who!,Jimmy Hayward,3,$220.8,5cbf57e7f1b3f84eb09ba564
$15.0,$44.7,The Artist,Michel Hazanavicius,3,$45.1,5cbf57e7f1b3f84eb09ba565
$634k,$819k,Sleeping with Other People,Leslye Headland,2,$1.3,5cbf57e7f1b3f84eb09ba566
$42.7,$140.1,Look Who's Talking,Amy Heckerling,9,$384.0,5cbf57e7f1b3f84eb09ba567
$26.4,$51.9,The Odd Life of Timothy Green,Peter Hedges,4,$105.7,5cbf57e7f1b3f84eb09ba568
$48.5,$95.0,42,Brian Helgeland,5,$242.6,5cbf57e7f1b3f84eb09ba569
$19.7,$24.4,15 Minutes,John Herzfeld,3,$59.2,5cbf57e7f1b3f84eb09ba56a
$1.8,$5.5,Rescue Dawn,Werner Herzog,10,$17.9,5cbf57e7f1b3f84eb09ba56b
$28.7,$75.4,Garfield,Peter Hewitt,6,$171.9,5cbf57e7f1b3f84eb09ba56c
$1.1,$1.7,Factory Girl,George Hickenlooper,5,$5.7,5cbf57e7f1b3f84eb09ba56d
$25.6,$60.5,The Lucky One,Scott Hicks,7,$178.9,5cbf57e7f1b3f84eb09ba56e
$7.4,$7.4,Mid90s,Jonah Hill,1,$7.4,5cbf57e7f1b3f84eb09ba56f
$77.6,$217.3,Alvin and the Chipmunks,Tim Hill,5,$387.8,5cbf57e7f1b3f84eb09ba570
$23.2,$80.8,Another 48 HRS.,Walter Hill,17,$395.0,5cbf57e7f1b3f84eb09ba571
$15.0,$37.4,Lawless,John Hillcoat,4,$60.1,5cbf57e7f1b3f84eb09ba572
$35.5,$56.1,Primal Fear,Gregory Hoblit,6,$213.1,5cbf57e7f1b3f84eb09ba573
$18.4,$18.4,Quartet,Dustin Hoffman,1,$18.4,5cbf57e7f1b3f84eb09ba574
$15.1,$46.2,One Fine Day,Michael Hoffman,10,$151.1,5cbf57e7f1b3f84eb09ba575
$542k,$542k,Jack Goes Boating,Philip Seymour Hoffman,1,$542k,5cbf57e7f1b3f84eb09ba576
$58.7,$127.1,My Best Friend's Wedding,P.J. Hogan,4,$235.0,5cbf57e7f1b3f84eb09ba577
$8.1,$17.6,Enough Said,Nicole Holofcener,5,$40.5,5cbf57e7f1b3f84eb09ba578
$74.8,$148.8,Les Miserables,Tom Hooper,4,$299.2,5cbf57e7f1b3f84eb09ba579
$39.0k,$69.1k,August (1996),Anthony Hopkins,2,$78.0k,5cbf57e7f1b3f84eb09ba57a
$27.5,$69.1,Lost in Space,Stephen Hopkins,9,$247.9,5cbf57e7f1b3f84eb09ba57b
$84.4,$260.0,The Grinch,Ron Howard,25,"$2,109.8",5cbf57e7f1b3f84eb09ba57c
$35.8,$94.8,The Book of Eli,Albert Hughes,6,$214.6,5cbf57e7f1b3f84eb09ba57d
$33.1,$94.8,The Book of Eli,Allen Hughes,6,$198.5,5cbf57e7f1b3f84eb09ba57e
$41.2,$70.1,Ferris Bueller's Day Off,John Hughes,8,$329.5,5cbf57e7f1b3f84eb09ba57f
$38.3,$75.5,The Hitman's Bodyguard,Patrick Hughes,3,$114.8,5cbf57e7f1b3f84eb09ba580
$3.7,$3.7,Then She Found Me,Helen Hunt,1,$3.7,5cbf57e7f1b3f84eb09ba581
$6.9,$20.7,Little Black Book,Nick Hurran,3,$20.8,5cbf57e7f1b3f84eb09ba582
$47.6,$57.0,American Reunion,Jon Hurwitz,2,$95.1,5cbf57e7f1b3f84eb09ba583
$22.8,$66.9,End of Days,Peter Hyams,15,$341.8,5cbf57e7f1b3f84eb09ba584
$6.6,$18.2,Sugar Hill,Leon Ichaso,4,$26.5,5cbf57e7f1b3f84eb09ba585
$660k,$1.7,Mrs. Palfrey at the Claremont,Dan Ireland,4,$2.6,5cbf57e7f1b3f84eb09ba586
$53.9,$85.4,Power Rangers,Dean Israelite,2,$107.7,5cbf57e7f1b3f84eb09ba587
$7.4,$26.1,Howards End,James Ivory,14,$103.8,5cbf57e7f1b3f84eb09ba588
$165.6,$377.8,Return of the King,Peter Jackson,13,"$2,152.6",5cbf57e7f1b3f84eb09ba589
$984k,$2.2,The Lovers,Azazel Jacobs,3,$3.0,5cbf57e7f1b3f84eb09ba58a
$33.5,$66.0,Magic Mike XXL,Gregory Jacobs,2,$66.9,5cbf57e7f1b3f84eb09ba58b
$5.0k,$5.0k,Bringing Up Bobby,Famke Janssen,1,$5.0k,5cbf57e7f1b3f84eb09ba58c
$1.9,$3.1,Capturing the Friedmans,Andrew Jarecki,2,$3.7,5cbf57e7f1b3f84eb09ba58d
$7.9,$7.9,Arbitrage,Nicholas Jarecki,1,$7.9,5cbf57e7f1b3f84eb09ba58e
$2.7,$13.7,Broken Flowers,Jim Jarmusch,12,$32.6,5cbf57e7f1b3f84eb09ba58f
$21.4,$27.9,Moonlight,Barry Jenkins,2,$42.8,5cbf57e7f1b3f84eb09ba590
$223.5,$412.6,Wonder Woman,Patty Jenkins,2,$447.0,5cbf57e7f1b3f84eb09ba591
$107.8,$270.4,Sing,Garth Jennings,3,$323.3,5cbf57e7f1b3f84eb09ba592
$145.0,$267.7,Shrek,Vicky Jenson,3,$434.9,5cbf57e7f1b3f84eb09ba593
$13.2,$47.8,Alien Resurrection,Jean-Pierre Jeunet,7,$92.5,5cbf57e7f1b3f84eb09ba594
$1.7,$3.2,Before I Go To Sleep,Rowan Joffe,2,$3.5,5cbf57e7f1b3f84eb09ba595
$76.6,$116.9,S.W.A.T.,Clark Johnson,2,$153.2,5cbf57e7f1b3f84eb09ba596
$3.0,$5.3,The Skeleton Twins,Craig Johnson,2,$5.9,5cbf57e7f1b3f84eb09ba597
$53.9,$115.8,Ghost Rider,Mark Steven Johnson,5,$269.3,5cbf57e7f1b3f84eb09ba598
$173.1,$620.2,Star Wars: The Last Jedi,Rian Johnson,4,$692.3,5cbf57e7f1b3f84eb09ba599
$112.4,$177.4,Home,Tim Johnson,4,$449.7,5cbf57e7f1b3f84eb09ba59a
$90.1,$181.2,Jurassic Park III,Joe Johnston,9,$811.2,5cbf57e7f1b3f84eb09ba59b
$201.1,$201.1,Wreck-It Ralph 2,Phil Johnston,1,$201.1,5cbf57e7f1b3f84eb09ba59c
$38.8,$115.6,Unbroken,Angelina Jolie,3,$116.5,5cbf57e7f1b3f84eb09ba59d
$35.7,$54.7,Source Code,Duncan Jones,3,$107.1,5cbf57e7f1b3f84eb09ba59e
$36.4,$59.7,My Big Fat Greek Wedding 2,Kirk Jones,5,$182.0,5cbf57e7f1b3f84eb09ba59f
$3.7,$5.0,The Three Burials of Melquiades Estrada,Tommy Lee Jones,2,$7.5,5cbf57e7f1b3f84eb09ba5a0
$37.0,$77.2,Where the Wild Things Are,Spike Jonze,4,$148.2,5cbf57e7f1b3f84eb09ba5a1
$49.9,$104.0,Paranormal Activity 3,Henry Joost,4,$199.8,5cbf57e7f1b3f84eb09ba5a2
$16.8,$105.3,Interview with the Vampire,Neil Jordan,17,$286.2,5cbf57e7f1b3f84eb09ba5a3
$21.3,$63.1,Beavis and Butt-Head Do America,Mike Judge,4,$85.2,5cbf57e7f1b3f84eb09ba5a4
$2.2,$3.9,Me and You and Everyone We Know,Miranda July,2,$4.5,5cbf57e7f1b3f84eb09ba5a5
$1.3,$6.6,The Grandmaster,Wong Kar Wai,10,$13.1,5cbf57e7f1b3f84eb09ba5a6
$86.4,$404.6,Jumanji (2017),Jake Kasdan,7,$605.1,5cbf57e7f1b3f84eb09ba5a7
$27.1,$56.4,The Big Chill,Lawrence Kasdan,11,$297.7,5cbf57e7f1b3f84eb09ba5a8
$18.7,$18.7,The Choice,Ross Katz,1,$18.7,5cbf57e7f1b3f84eb09ba5a9
$3.4,$3.8,Anomalisa,Charlie Kaufman,2,$6.8,5cbf57e7f1b3f84eb09ba5aa
$15.6,$21.2,The Right Stuff,Philip Kaufman,2,$31.2,5cbf57e7f1b3f84eb09ba5ab
$145k,$365k,Glen Campbell... I'll Be Me,James Keach,4,$581k,5cbf57e7f1b3f84eb09ba5ac
$22.0,$36.1,Hanging Up,Diane Keaton,2,$44.0,5cbf57e7f1b3f84eb09ba5ad
$348k,$348k,The Merry Gentleman,Michael Keaton,1,$348k,5cbf57e7f1b3f84eb09ba5ae
$43.0,$73.7,Monster House,Gil Kenan,3,$129.0,5cbf57e7f1b3f84eb09ba5af
$36.5,$67.8,War Room,Alex Kendrick,4,$145.9,5cbf57e7f1b3f84eb09ba5b0
$21.7,$30.6,Open Water,Chris Kentis,2,$43.4,5cbf57e7f1b3f84eb09ba5b1
$102.9,$290.5,The Empire Strikes Back,Irvin Kershner,4,$411.6,5cbf57e7f1b3f84eb09ba5b2
$45.1,$69.6,Ya-Ya Sisterhood,Callie Khouri,2,$90.3,5cbf57e7f1b3f84eb09ba5b3
$19.2,$40.2,Bridget Jones 2,Beeban Kidron,5,$96.1,5cbf57e7f1b3f84eb09ba5b4
$2.6,$12.1,The Last Stand,Jee-woon Kim,5,$12.9,5cbf57e7f1b3f84eb09ba5b5
$124.0,$152.6,Sex and the City,Michael Patrick King,2,$248.0,5cbf57e7f1b3f84eb09ba5b6
$58.6,$76.3,Paddington,Paul King,2,$117.2,5cbf57e7f1b3f84eb09ba5b7
$83.2,$83.2,Smallfoot,Karey Kirkpatrick,1,$83.2,5cbf57e7f1b3f84eb09ba5b8
$11.5,$11.5,The Words,Brian Klugman,1,$11.5,5cbf57e7f1b3f84eb09ba5b9
$3.3,$8.5,Serenity (2019),Steven Knight,3,$10.0,5cbf57e7f1b3f84eb09ba5ba
$87.6,$127.2,Bumblebee,Travis Knight,2,$175.2,5cbf57e7f1b3f84eb09ba5bb
$19.0,$48.0,Secret Window,David Koepp,6,$114.1,5cbf57e7f1b3f84eb09ba5bc
$48.8,$48.8,I Feel Pretty,Abby Kohn,1,$48.8,5cbf57e7f1b3f84eb09ba5bd
$11.7,$11.7,Knockaround Guys,Brian Koppelman,1,$11.7,5cbf57e7f1b3f84eb09ba5be
$43.4,$75.6,2 Guns,Baltasar Kormakur,5,$217.1,5cbf57e7f1b3f84eb09ba5bf
$93.2,$172.1,Tron Legacy,Joseph Kosinski,3,$279.5,5cbf57e7f1b3f84eb09ba5c0
$3.9,$8.3,The Cooler,Wayne Kramer,4,$15.6,5cbf57e7f1b3f84eb09ba5c1
$63.0,$188.0,A Quiet Place,John Krasinski,3,$189.1,5cbf57e7f1b3f84eb09ba5c2
$35.0,$60.5,2001: A Space Odyssey,Stanley Kubrick,7,$245.2,5cbf57e7f1b3f84eb09ba5c3
$31.9,$45.6,College Road Trip,Roger Kumble,5,$159.4,5cbf57e7f1b3f84eb09ba5c4
$46.3,$80.2,The Mummy (2017),Alex Kurtzman,2,$92.7,5cbf57e7f1b3f84eb09ba5c5
$9.1,$25.9,Aeon Flux,Karyn Kusama,5,$45.4,5cbf57e7f1b3f84eb09ba5c6
$27.1,$94.0,He's Just Not That Into You,Ken Kwapis,9,$244.0,5cbf57e7f1b3f84eb09ba5c7
$16.6,$42.7,Death at a Funeral (2010),Neil LaBute,9,$149.2,5cbf57e7f1b3f84eb09ba5c8
$20.5,$53.7,P.S. I Love You,Richard LaGravenese,6,$122.8,5cbf57e7f1b3f84eb09ba5c9
$16.1,$57.5,Pet Sematary,Mary Lambert,5,$80.6,5cbf57e7f1b3f84eb09ba5ca
$12.0,$34.5,Concussion (2015),Peter Landesman,3,$36.0,5cbf57e7f1b3f84eb09ba5cb
$44.8,$141.6,National Lampoon's Animal House,John Landis,15,$672.0,5cbf57e7f1b3f84eb09ba5cc
$30.0,$55.7,Happy Death Day,Christopher B. Landon,4,$119.9,5cbf57e7f1b3f84eb09ba5cd
$4.3,$14.0,Jackie,Pablo Larrain,4,$17.3,5cbf57e7f1b3f84eb09ba5ce
$207.2,$245.9,Toy Story 2,John Lasseter,5,"$1,036.0",5cbf57e7f1b3f84eb09ba5cf
$12.8,$12.8,Silent House,Laura Lau,1,$12.8,5cbf57e7f1b3f84eb09ba5d0
$42.3k,$42.3k,Breathe,Melanie Laurent,1,$42.3k,5cbf57e7f1b3f84eb09ba5d1
$211.6,$424.7,Catching Fire,Francis Lawrence,7,"$1,481.5",5cbf57e7f1b3f84eb09ba5d2
$60.0,$140.5,Deep Impact,Mimi Leder,4,$239.9,5cbf57e7f1b3f84eb09ba5d3
$42.2,$132.2,Hulk,Ang Lee,13,$548.3,5cbf57e7f1b3f84eb09ba5d4
$4.6,$8.9,Battle of the Year,Benson Lee,2,$9.2,5cbf57e7f1b3f84eb09ba5d5
$400.7,$400.7,Frozen,Jennifer Lee,1,$400.7,5cbf57e7f1b3f84eb09ba5d6
$49.4,$115.2,Girls Trip,Malcolm D. Lee,10,$494.2,5cbf57e7f1b3f84eb09ba5d7
$5.7,$5.7,The Warrior's Way,Sngmoo Lee,1,$5.7,5cbf57e7f1b3f84eb09ba5d8
$19.5,$88.5,Inside Man,Spike Lee,22,$429.1,5cbf57e7f1b3f84eb09ba5d9
$16.5,$42.7,Because I Said So,Michael Lehman,9,$148.1,5cbf57e7f1b3f84eb09ba5da
$3.4,$13.4,Secrets & Lies,Mike Leigh,12,$41.3,5cbf57e7f1b3f84eb09ba5db
$139.8,$324.6,Deadpool 2,David Leitch,3,$419.3,5cbf57e7f1b3f84eb09ba5dc
$73.0,$139.2,The Santa Clause 2,Michael Lembeck,4,$291.8,5cbf57e7f1b3f84eb09ba5dd
$8.8k,$8.8k,Hell Baby,Thomas Lennon & Ben Garant,1,$8.8k,5cbf57e7f1b3f84eb09ba5de
$44.8,$84.3,Annabelle,John R. Leonetti,3,$134.5,5cbf57e7f1b3f84eb09ba5df
$64.3,$64.3,The Nut Job,Peter Lepeniotis,1,$64.3,5cbf57e7f1b3f84eb09ba5e0
$81.7,$163.2,Clash of the Titans,Louis Leterrier,6,$490.3,5cbf57e7f1b3f84eb09ba5e1
$9.3,$18.6,Man on a Ledge,Asger Leth,2,$18.7,5cbf57e7f1b3f84eb09ba5e2
$120.5,$198.4,Monsters Vs. Aliens,Rob Letterman,4,$482.1,5cbf57e7f1b3f84eb09ba5e3
$2.8,$2.8,The Pyramid,Gregory Levasseur,1,$2.8,5cbf57e7f1b3f84eb09ba5e4
$11.7,$11.7,Knockaround Guys,David Levien,1,$11.7,5cbf57e7f1b3f84eb09ba5e5
$38.5,$66.4,Warm Bodies,Jonathan Levine,5,$192.4,5cbf57e7f1b3f84eb09ba5e6
$36.9,$172.8,Rain Man,Barry Levinson,22,$812.7,5cbf57e7f1b3f84eb09ba5e7
$102.8,$250.9,Night at the Museum,Shawn Levy,11,"$1,130.3",5cbf57e7f1b3f84eb09ba5e8
$191.5,$191.5,Cars 2,Brad Lewis,1,$191.5,5cbf57e7f1b3f84eb09ba5e9
$86.1,$191.2,Ninja Turtles,Jonathan Liebesman,5,$430.5,5cbf57e7f1b3f84eb09ba5ea
$41.5k,$41.5k,Fat Kid Rules the World,Matthew Lillard,1,$41.5k,5cbf57e7f1b3f84eb09ba5eb
$63.6,$186.3,Mr. & Mrs. Smith,Doug Liman,9,$572.6,5cbf57e7f1b3f84eb09ba5ec
$105.7,$238.7,Fast & Furious 6,Justin Lin,8,$845.9,5cbf57e7f1b3f84eb09ba5ed
$4.9,$4.9,The Apparition,Todd Lincoln,1,$4.9,5cbf57e7f1b3f84eb09ba5ee
$203k,$203k,10 Years,Jamie Linden,1,$203k,5cbf57e7f1b3f84eb09ba5ef
$11.3,$81.3,School of Rock,Richard Linklater,18,$203.9,5cbf57e7f1b3f84eb09ba5f0
$12.4,$33.0,Tron,Steven Lisberger,3,$37.2,5cbf57e7f1b3f84eb09ba5f1
$11.4,$48.8,Firewall,Richard Loncraine,7,$79.8,5cbf57e7f1b3f84eb09ba5f2
$19.0,$47.7,Manchester by the Sea,Kenneth Lonergan,3,$56.9,5cbf57e7f1b3f84eb09ba5f3
$68.9,$106.8,Chicken Run,Peter Lord,2,$137.9,5cbf57e7f1b3f84eb09ba5f4
$178.2,$257.8,The LEGO Movie,Phil Lord,4,$712.8,5cbf57e7f1b3f84eb09ba5f5
$35.8,$35.8,Trouble with the Curve,Robert Lorenz,1,$35.8,5cbf57e7f1b3f84eb09ba5f6
$290.7,$474.5,The Phantom Menace,George Lucas,6,"$1,743.9",5cbf57e7f1b3f84eb09ba5f7
$70.4,$113.3,Bad Moms,Jon Lucas,3,$211.1,5cbf57e7f1b3f84eb09ba5f8
$30.8,$57.7,Takers,John Luessenhop,3,$92.5,5cbf57e7f1b3f84eb09ba5f9
$62.0,$144.8,The Great Gatsby,Baz Luhrmann,5,$309.9,5cbf57e7f1b3f84eb09ba5fa
$60.1,$96.5,Legally Blonde,Robert Luketic,7,$421.0,5cbf57e7f1b3f84eb09ba5fb
$5.6,$5.6,Cesar Chavez,Diego Luna,1,$5.6,5cbf57e7f1b3f84eb09ba5fc
$10.0,$18.2,Last Castle,Rod Lurie,5,$49.8,5cbf57e7f1b3f84eb09ba5fd
$31.8,$51.5,My Bloody Valentine 3-D,Patrick Lussier,3,$95.3,5cbf57e7f1b3f84eb09ba5fe
$10.9,$30.9,Dune,David Lynch,9,$98.1,5cbf57e7f1b3f84eb09ba5ff
$8.5,$37.0,State of Play,Kevin Macdonald,10,$84.8,5cbf57ecf1b3f84eb09ba600
$114.5,$218.8,Ted,Seth MacFarlane,3,$343.4,5cbf57ecf1b3f84eb09ba601
$47.9k,$58.3k,Rudderless,William H. Macy,2,$95.8k,5cbf57ecf1b3f84eb09ba602
$23.4,$100.3,Shakespeare in Love,John Madden,11,$257.5,5cbf57ecf1b3f84eb09ba603
$303k,$583k,W.E.,Madonna,2,$606k,5cbf57ecf1b3f84eb09ba604
$31.9,$71.5,Bridget Jones's Diary,Sharon Maguire,3,$95.8,5cbf57ecf1b3f84eb09ba605
$8.4,$36.4,Thin Red Line,Terrence Malick,8,$67.5,5cbf57ecf1b3f84eb09ba606
$6.0,$23.5,Heist,David Mamet,10,$60.0,5cbf57ecf1b3f84eb09ba607
$78.2,$226.3,Logan,James Mangold,10,$782.4,5cbf57ecf1b3f84eb09ba608
$47.6,$101.0,Collateral,Michael Mann,11,$524.1,5cbf57ecf1b3f84eb09ba609
$2.8,$2.8,The Identical,Dustin Marcellino,1,$2.8,5cbf57ecf1b3f84eb09ba60a
$62.3,$62.3,Underworld Awakening,Mars Marlind,1,$62.3,5cbf57ecf1b3f84eb09ba60b
$63.1,$81.6,Eight Below,Frank Marshall,4,$252.6,5cbf57ecf1b3f84eb09ba60c
$56.9,$178.4,Pretty Woman,Garry Marshall,18,"$1,023.4",5cbf57ecf1b3f84eb09ba60d
$58.2,$115.2,Big,Penny Marshall,7,$407.3,5cbf57ecf1b3f84eb09ba60e
$131.5,$241.1,Pirates of the Caribbean 4,Rob Marshall,6,$788.9,5cbf57ecf1b3f84eb09ba60f
$255k,$255k,Dean,Demetri Martin,1,$255k,5cbf57ecf1b3f84eb09ba610
$1.0,$1.0,A Home at the End of the World,Michael Mayer,1,$1.0,5cbf57ecf1b3f84eb09ba611
$12.9,$25.9,Superhero Movie,Craig Mazin,2,$25.9,5cbf57ecf1b3f84eb09ba612
$17.6,$45.1,Spotlight,Tom McCarthy,4,$70.4,5cbf57ecf1b3f84eb09ba613
$70.0,$70.0,Act of Valor,Mike McCoy,1,$70.0,5cbf57ecf1b3f84eb09ba614
$4.5,$5.4,The Guard,John Michael McDonagh,2,$9.0,5cbf57ecf1b3f84eb09ba615
$80.1,$125.3,Terminator Salvation,McG,6,$480.5,5cbf57ecf1b3f84eb09ba616
$7.0,$22.2,Emma,Douglas McGrath,5,$34.8,5cbf57ecf1b3f84eb09ba617
$182.7,$216.4,Madagascar 3,Tom McGrath,5,$913.4,5cbf57ecf1b3f84eb09ba618
$544k,$544k,American Pastoral,Ewan McGregor,1,$544k,5cbf57ecf1b3f84eb09ba619
$99.8,$148.2,Talladega Nights,Adam McKay,7,$698.6,5cbf57ecf1b3f84eb09ba61a
$25.1,$25.1,Killer Elite,Gary McKendry,1,$25.1,5cbf57ecf1b3f84eb09ba61b
$69.5,$69.5,The First Purge,Gerard McMurray,1,$69.5,5cbf57ecf1b3f84eb09ba61c
$15.0,$43.9,Soul Surfer,Sean McNamara,5,$74.9,5cbf57ecf1b3f84eb09ba61d
$125.3,$220.2,Mission: Impossible 6,Christopher McQuarrie,4,$501.3,5cbf57ecf1b3f84eb09ba61e
$25.8,$56.7,12 Years a Slave,Steve McQueen (II),4,$103.1,5cbf57ecf1b3f84eb09ba61f
$42.9,$70.5,V for Vendetta,James McTeigue,4,$171.5,5cbf57ecf1b3f84eb09ba620
$55.5,$122.0,Hunt for Red October,John McTiernan,11,$610.9,5cbf57ecf1b3f84eb09ba621
$4.5,$19.2,Species II,Peter Medak,6,$27.2,5cbf57ecf1b3f84eb09ba622
$74.4,$139.9,Taken 2,Olivier Megaton,4,$297.5,5cbf57ecf1b3f84eb09ba623
$106.9,$169.6,Hidden Figures,Theodore Melfi,2,$213.7,5cbf57ecf1b3f84eb09ba624
$119.1,$304.4,Skyfall,Sam Mendes,7,$834.0,5cbf57ecf1b3f84eb09ba625
$104.3,$182.8,What Women Want,Nancy Meyers,6,$625.6,5cbf57ecf1b3f84eb09ba626
$1.1,$1.1,The Rover,David Michod,2,$2.2,5cbf57ecf1b3f84eb09ba627
$38.8,$75.6,Moneyball,Bennett Miller,3,$116.5,5cbf57ecf1b3f84eb09ba628
$236.0,$322.7,Shrek the Third,Chris Miller,2,$472.0,5cbf57ecf1b3f84eb09ba629
$35.9,$74.1,Sin City,Frank Miller,3,$107.7,5cbf57ecf1b3f84eb09ba62a
$60.4,$198.0,Happy Feet,George Miller,10,$603.5,5cbf57ecf1b3f84eb09ba62b
$52.5,$52.5,No Good Deed,Sam Miller,1,$52.5,5cbf57ecf1b3f84eb09ba62c
$178.2,$257.8,The LEGO Movie,Chris Miller (II),4,$712.8,5cbf57ecf1b3f84eb09ba62d
$4.3,$5.8,Beginners,Mike Mills,3,$12.8,5cbf57ecf1b3f84eb09ba62e
$43.5,$95.6,Cold Mountain,Anthony Minghella,6,$261.2,5cbf57ecf1b3f84eb09ba62f
$123.9,$422.8,Lion King,Rob Minkoff,7,$867.2,5cbf57ecf1b3f84eb09ba630
$1.8,$3.1,Hedwig and the Angry Inch,John Cameron Mitchell,4,$7.4,5cbf57ecf1b3f84eb09ba631
$116.9,$238.7,Shrek Forever After,Mike Mitchell,8,$935.3,5cbf57ecf1b3f84eb09ba632
$48.5k,$48.5k,Tales from Earthsea,Goro Miyazaki,1,$48.5k,5cbf57ecf1b3f84eb09ba633
$6.3,$15.7,Ponyo,Hayao Miyazaki,7,$44.4,5cbf57ecf1b3f84eb09ba634
$12.2k,$16.1k,London Boulevard,William Monahan,2,$24.3k,5cbf57ecf1b3f84eb09ba635
$7.3,$8.1,Bella,Alejandro Monteverde,2,$14.6,5cbf57ecf1b3f84eb09ba636
$76.0,$87.0,Sisters,Jason Moore,2,$152.0,5cbf57ecf1b3f84eb09ba637
$48.5,$67.3,A Good Day to Die Hard,John Moore,5,$242.5,5cbf57ecf1b3f84eb09ba638
$19.8,$119.2,Fahrenheit 9/11,Michael Moore,10,$197.6,5cbf57ecf1b3f84eb09ba639
$243.9,$341.3,Zootopia,Rich Moore,3,$731.8,5cbf57ecf1b3f84eb09ba63a
$70.4,$113.3,Bad Moms,Scott Moore,3,$211.1,5cbf57ecf1b3f84eb09ba63b
$43.3,$145.0,Taken,Pierre Morel,5,$216.4,5cbf57ecf1b3f84eb09ba63c
$1.3,$4.2,The Fog of War,Errol Morris,8,$10.1,5cbf57ecf1b3f84eb09ba63d
$38.4,$121.5,Superbad,Greg Mottola,5,$191.9,5cbf57ecf1b3f84eb09ba63e
$750k,$1.1,The Messenger,Oren Moverman,3,$2.2,5cbf57ecf1b3f84eb09ba63f
$49.6,$163.6,The Pursuit of Happyness,Gabriele Muccino,5,$247.9,5cbf57ecf1b3f84eb09ba640
$13.5k,$13.5k,Paper Man,Kieran Mulroney,1,$13.5k,5cbf57ecf1b3f84eb09ba641
$13.5k,$13.5k,Paper Man,Michele Mulroney,1,$13.5k,5cbf57ecf1b3f84eb09ba642
$27.7,$54.1,TMNT,Kevin Munroe,2,$55.3,5cbf57ecf1b3f84eb09ba643
$43.8,$80.6,Eat Pray Love,Ryan Murphy,2,$87.6,5cbf57ecf1b3f84eb09ba644
$58.0,$106.6,300: Rise of An Empire,Noam Murro,2,$116.1,5cbf57ecf1b3f84eb09ba645
$199.6,$327.5,It,Andres Muschietti,2,$399.1,5cbf57ecf1b3f84eb09ba646
$213k,$213k,Supermensch: The Legend of Shep Gordon,Mike Myers,1,$213k,5cbf57ecf1b3f84eb09ba647
$14.0,$14.0,What's Your Number?,Mark Mylod,1,$14.0,5cbf57ecf1b3f84eb09ba648
$8.4,$16.1,Vanity Fair,Mira Nair,10,$83.6,5cbf57ecf1b3f84eb09ba649
$8.8,$17.0,Splice,Vincenzo Natali,2,$17.5,5cbf57ecf1b3f84eb09ba64a
$15.0,$35.3,Selena,Gregory Nava,4,$60.0,5cbf57ecf1b3f84eb09ba64b
$28.5,$51.8,Ghost Rider 2,Mark Neveldine,4,$113.8,5cbf57ecf1b3f84eb09ba64c
$41.6,$290.2,Harry Potter / Goblet of Fire,Mike Newell,14,$582.0,5cbf57ecf1b3f84eb09ba64d
$896k,$896k,The Glass Menagerie,Paul Newman,1,$896k,5cbf57ecf1b3f84eb09ba64e
$18.5,$37.5,In Time,Andrew Niccol,6,$110.8,5cbf57ecf1b3f84eb09ba64f
$7.0,$21.6,Mud,Jeff Nichols,5,$34.8,5cbf57ecf1b3f84eb09ba650
$45.2,$124.1,Birdcage,Mike Nichols,16,$722.5,5cbf57ecf1b3f84eb09ba651
$785k,$785k,Firelight,William Nicholson,1,$785k,5cbf57ecf1b3f84eb09ba652
$36.1,$36.1,Walking with Dinosaurs,Neil Nightingale,1,$36.1,5cbf57ecf1b3f84eb09ba653
$44.3,$80.6,Texas Chainsaw Massacre,Marcus Nispel,4,$177.1,5cbf57ecf1b3f84eb09ba654
$24.0,$24.0,Don't Be Afraid of the Dark,Troy Nixey,1,$24.0,5cbf57ecf1b3f84eb09ba655
$549k,$817k,Climax,Gaspar Noe,4,$2.2,5cbf57ecf1b3f84eb09ba656
$182.4,$535.2,The Dark Knight,Christopher Nolan,11,"$2,006.7",5cbf57ecf1b3f84eb09ba657
$34.7,$62.5,The Adjustment Bureau,George Nolfi,2,$69.4,5cbf57ecf1b3f84eb09ba658
$34.6,$54.7,Project X,Nima Nourizadeh,2,$69.2,5cbf57ecf1b3f84eb09ba659
$43.6,$122.2,Clear and Present Danger,Phillip Noyce,13,$567.2,5cbf57ecf1b3f84eb09ba65a
$10.5,$11.9,Sydney White,Joe Nussbaum,3,$31.5,5cbf57ecf1b3f84eb09ba65b
$15.8k,$15.8k,Anchor Baby,Lonzo Nzekwe,1,$15.8k,5cbf57ecf1b3f84eb09ba65c
$30.5,$86.3,The Accountant,Gavin O'Connor,6,$182.9,5cbf57ecf1b3f84eb09ba65d
$60.4,$108.4,When Nature Calls,Steve Oedekerk,4,$241.5,5cbf57ecf1b3f84eb09ba65e
$51.2,$90.6,High School Musical 3,Kenny Ortega,4,$205.0,5cbf57ecf1b3f84eb09ba65f
$48.0,$71.1,The Score,Frank Oz,12,$575.4,5cbf57ecf1b3f84eb09ba660
$10.4,$58.6,RoboCop,Jose Padilha,6,$62.3,5cbf57ecf1b3f84eb09ba661
$34.5,$100.8,Pelican Brief,Alan J. Pakula,12,$413.8,5cbf57ecf1b3f84eb09ba662
$13.7,$13.7,Hit and Run,David Palmer,1,$13.7,5cbf57ecf1b3f84eb09ba663
$61.4,$110.3,Fun with Dick and Jane,Dean Parisot,4,$245.6,5cbf57ecf1b3f84eb09ba664
$7.8,$18.5,Ideal Husband,Oliver Parker,5,$38.8,5cbf57ecf1b3f84eb09ba665
$28.5,$52.0,"South Park - Bigger, Longer and Uncut",Trey Parker,3,$85.4,5cbf57ecf1b3f84eb09ba666
$39.5,$82.6,The Descendants,Alexander Payne,7,$276.4,5cbf57ecf1b3f84eb09ba667
$6.7,$6.7,Hotel Artemis,Drew Pearce,1,$6.7,5cbf57ecf1b3f84eb09ba668
$173.2,$176.0,Get Out,Jordan Peele,2,$346.4,5cbf57ecf1b3f84eb09ba669
$19.2,$35.3,Carrie,Kimberly Peirce,3,$57.7,5cbf57ecf1b3f84eb09ba66a
$54.0,$107.9,Paranormal Activity,Oren Peli,2,$107.9,5cbf57ecf1b3f84eb09ba66b
$9.2,$35.7,Mothman Prophecies,Mark Pellington,7,$64.4,5cbf57ecf1b3f84eb09ba66c
$9.6,$18.4,Into the Wild,Sean Penn,2,$19.2,5cbf57ecf1b3f84eb09ba66d
$76.7k,$116k,The Grand,Zak Penn,2,$153k,5cbf57ecf1b3f84eb09ba66e
$6.3,$24.8,Our Idiot Brother,Jesse Peretz,5,$31.6,5cbf57ecf1b3f84eb09ba66f
$93.0k,$200k,Listen Up Philip,Alex Ross Perry,5,$465k,5cbf57ecf1b3f84eb09ba670
$50.6,$90.5,Madea Goes to Jail,Tyler Perry,20,"$1,012.3",5cbf57ecf1b3f84eb09ba671
$77.5,$182.6,Perfect Storm,Wolfgang Petersen,10,$775.1,5cbf57ecf1b3f84eb09ba672
$293.0,$293.0,Up,Bob Peterson,1,$293.0,5cbf57ecf1b3f84eb09ba673
$81.7,$155.2,San Andreas,Brad Peyton,5,$408.5,5cbf57ecf1b3f84eb09ba674
$23.0,$23.0,Transcendence,Wally Pfister,1,$23.0,5cbf57ecf1b3f84eb09ba675
$103.8,$277.3,The Hangover,Todd Phillips,10,"$1,038.1",5cbf57ecf1b3f84eb09ba676
$36.9,$50.3,Hot Tub Time Machine,Steve Pink,4,$147.6,5cbf57ecf1b3f84eb09ba677
$28.4,$55.7,Happy Death Day,Gregory Plotkin,3,$85.1,5cbf57ecf1b3f84eb09ba678
$8.5,$8.5,The Quiet Ones,John Pogue,1,$8.5,5cbf57ecf1b3f84eb09ba679
$34.7,$101.3,Stir Crazy,Sidney Poitier,4,$138.6,5cbf57ecf1b3f84eb09ba67a
$11.3,$32.6,The Pianist,Roman Polanski,13,$147.2,5cbf57ecf1b3f84eb09ba67b
$59.6,$177.2,Tootsie,Sydney Pollack,13,$774.5,5cbf57ecf1b3f84eb09ba67c
$2.5,$4.6,Away from Her,Sarah Polley,3,$7.4,5cbf57ecf1b3f84eb09ba67d
$6.2,$20.5,The Circle,James Ponsoldt,5,$30.8,5cbf57ecf1b3f84eb09ba67e
$572k,$572k,A Tale of Love and Darkness,Natalie Portman,1,$572k,5cbf57ecf1b3f84eb09ba67f
$26.6,$37.8,The Secret Life of Bees,Gina Prince-Bythewood,3,$79.8,5cbf57ecf1b3f84eb09ba680
$53.5,$144.8,"I, Robot",Alex Proyas,6,$321.0,5cbf57ecf1b3f84eb09ba681
$33.1,$47.6,Into The Storm,Steven Quale,3,$99.2,5cbf57ecf1b3f84eb09ba682
$5.5,$21.8,Il Postino,Michael Radford,7,$38.5,5cbf57ecf1b3f84eb09ba683
$272k,$327k,Liberal Arts,Josh Radnor,2,$543k,5cbf57ecf1b3f84eb09ba684
$109.0,$403.7,Spider-Man,Sam Raimi,14,"$1,526.7",5cbf57ecf1b3f84eb09ba685
$39.6,$106.9,Analyze This,Harold Ramis,11,$435.7,5cbf57ecf1b3f84eb09ba686
$1.2,$2.5,You Were Never Really Here,Lynne Ramsay,4,$4.8,5cbf57ecf1b3f84eb09ba687
$113.1,$234.4,X-Men: The Last Stand,Brett Ratner,10,"$1,130.8",5cbf57ecf1b3f84eb09ba688
$18.5,$33.2,Breach,Billy Ray,3,$55.6,5cbf57ecf1b3f84eb09ba689
$30.5,$75.4,Horse Whisperer,Robert Redford,9,$274.8,5cbf57ecf1b3f84eb09ba68a
$117.0,$216.6,Ant-Man and the Wasp,Peyton Reed,6,$701.9,5cbf57ecf1b3f84eb09ba68b
$100k,$100k,Man of Tai Chi,Keanu Reeves,1,$100k,5cbf57ecf1b3f84eb09ba68c
$90.7,$208.5,Dawn of the Planet of the Apes,Matt Reeves,5,$453.3,5cbf57ecf1b3f84eb09ba68d
$7.5,$35.1,Drive (2011),Nicolas Winding Refn,5,$37.3,5cbf57ecf1b3f84eb09ba68e
$578k,$1.1,Certain Women,Kelly Reichardt,6,$3.5,5cbf57ecf1b3f84eb09ba68f
$34.0,$141.3,A Few Good Men,Rob Reiner,20,$679.4,5cbf57ecf1b3f84eb09ba690
$73.3,$242.2,Ghostbusters,Ivan Reitman,15,"$1,099.6",5cbf57ecf1b3f84eb09ba691
$36.7,$143.5,Juno,Jason Reitman,8,$293.9,5cbf57ecf1b3f84eb09ba692
$300.5,$368.4,The Secret Life of Pets,Chris Renaud,4,"$1,202.0",5cbf57ecf1b3f84eb09ba693
$40.8,$84.4,"Crazy, Stupid, Love.",John Requa,4,$163.3,5cbf57ecf1b3f84eb09ba694
$40.7,$165.5,Robin Hood: Prince of Thieves,Kevin Reynolds,9,$365.9,5cbf57ecf1b3f84eb09ba695
$558k,$558k,A Little Chaos,Alan Rickman,1,$558k,5cbf57ecf1b3f84eb09ba696
$173k,$341k,Jimi: All Is By My Side,John Ridley,2,$346k,5cbf57ecf1b3f84eb09ba697
$2.0,$7.9,The Chase,Adam Rifkin,6,$12.2,5cbf57ecf1b3f84eb09ba698
$38.4,$38.4,47 Ronin,Carl Rinsch,1,$38.4,5cbf57ecf1b3f84eb09ba699
$57.9,$209.0,Sherlock Holmes,Guy Ritchie,9,$521.0,5cbf57ecf1b3f84eb09ba69a
$121.7,$279.3,Meet the Fockers,Jay Roach,9,"$1,095.4",5cbf57ecf1b3f84eb09ba69b
$32.9,$95.7,Norbit,Brian Robbins,10,$329.4,5cbf57ecf1b3f84eb09ba69c
$15.6,$39.4,Dead Man Walking,Tim Robbins,3,$46.7,5cbf57ecf1b3f84eb09ba69d
$194k,$194k,Around the Bend,Jordan Roberts,1,$194k,5cbf57ecf1b3f84eb09ba69e
$2.0,$3.1,Obvious Child,Gillian Robespierre,2,$4.1,5cbf57ecf1b3f84eb09ba69f
$44.7,$63.0,The Last Song,Julie Anne Robinson,2,$89.4,5cbf57ecf1b3f84eb09ba6a0
$25.3,$38.1,Head of State,Chris Rock,3,$76.0,5cbf57ecf1b3f84eb09ba6a1
$46.6,$112.7,Spy Kids,Robert Rodriguez,17,$792.0,5cbf57ecf1b3f84eb09ba6a2
$53.8,$101.5,This is the End,Seth Rogen,2,$107.6,5cbf57ecf1b3f84eb09ba6a3
$17.0,$31.6,One Hour Photo,Mark Romanek,2,$34.0,5cbf57ecf1b3f84eb09ba6a4
$87.0,$172.6,Pirates of the Caribbean 5,Joachim Ronning,2,$174.1,5cbf57ecf1b3f84eb09ba6a5
$11.0,$36.8,Bounce,Don Roos,4,$44.0,5cbf57ecf1b3f84eb09ba6a6
$3.6,$10.7,The Drop,Michael Roskam,3,$10.9,5cbf57ecf1b3f84eb09ba6a7
$146.0,$408.0,The Hunger Games,Gary Ross,5,$729.9,5cbf57ecf1b3f84eb09ba6a8
$28.0,$68.5,House With A Clock In Its Walls,Eli Roth,7,$195.9,5cbf57ecf1b3f84eb09ba6a9
$35.5,$93.6,America's Sweethearts,Joe Roth,6,$213.2,5cbf57ecf1b3f84eb09ba6aa
$31.4,$101.6,Sleeping with the Enemy,Joseph Ruben,9,$282.7,5cbf57ecf1b3f84eb09ba6ab
$13.8k,$13.8k,Sympathy for Delicious,Mark Ruffalo,1,$13.8k,5cbf57ecf1b3f84eb09ba6ac
$65.2,$150.1,American Hustle,David O. Russell,8,$521.8,5cbf57ecf1b3f84eb09ba6ad
$33.8,$74.5,Ladder 49,Jay Russell,5,$168.8,5cbf57ecf1b3f84eb09ba6ae
$284.5,$678.8,Avengers: Infinity War,Anthony Russo,5,"$1,422.6",5cbf57ecf1b3f84eb09ba6af
$284.5,$678.8,Avengers: Infinity War,Joe Russo,5,"$1,422.6",5cbf57ecf1b3f84eb09ba6b0
$132.0,$196.6,Ice Age 3,Carlos Saldanha,8,"$1,056.1",5cbf57ecf1b3f84eb09ba6b1
$584k,$584k,Salinger,Shane Salerno,1,$584k,5cbf57ecf1b3f84eb09ba6b2
$27.1,$37.9,Jeepers Creepers,Victor Salva,4,$108.4,5cbf57ecf1b3f84eb09ba6b3
$96.6,$120.4,Shazam!,David F. Sandberg,3,$289.8,5cbf57ecf1b3f84eb09ba6b4
$87.0,$172.6,Pirates of the Caribbean 5,Espen Sandberg,2,$174.1,5cbf57ecf1b3f84eb09ba6b5
$40.4,$46.7,Goosebumps 2,Ari Sandel,2,$80.7,5cbf57ecf1b3f84eb09ba6b6
$183.5,$217.6,How to Train Your Dragon,Chris Sanders,3,$550.5,5cbf57ecf1b3f84eb09ba6b7
$97.9,$155.3,Snow White and the Huntsman,Rupert Sanders,2,$195.9,5cbf57ecf1b3f84eb09ba6b8
$1.7,$3.2,Green Room,Jeremy Saulnier,2,$3.5,5cbf57ecf1b3f84eb09ba6b9
$19.3,$56.4,White Noise,Geoffrey Sax,3,$57.8,5cbf57ecf1b3f84eb09ba6ba
$5.7,$7.1,Seeking a Friend for the End of the World,Lorene Scafaria,2,$11.3,5cbf57ecf1b3f84eb09ba6bb
$268.5,$268.5,Monsters University,Dan Scanlon,1,$268.5,5cbf57ecf1b3f84eb09ba6bc
$22.5,$22.5,Burt Wonderstone,Don Scardino,1,$22.5,5cbf57ecf1b3f84eb09ba6bd
$19.6,$35.4,The Watch,Akiva Schaffer,3,$58.9,5cbf57ecf1b3f84eb09ba6be
$17.8,$17.8,Eurotrip,Jeff Schaffer,1,$17.8,5cbf57ecf1b3f84eb09ba6bf
$6.1,$13.8,One Day,Lone Scherfig,5,$30.3,5cbf57ecf1b3f84eb09ba6c0
$47.6,$57.0,American Reunion,Hayden Schlossberg,2,$95.1,5cbf57ecf1b3f84eb09ba6c1
$2.7,$6.0,The Diving Bell and the Butterfly,Julian Schnabel,6,$16.0,5cbf57ecf1b3f84eb09ba6c2
$4.2,$22.7,American Gigolo,Paul Schrader,15,$63.3,5cbf57ecf1b3f84eb09ba6c3
$17.7,$32.0,Paper Towns,Jake Schreier,2,$35.3,5cbf57ecf1b3f84eb09ba6c4
$15.2,$48.0,Single White Female,Barbet Schroeder,9,$136.7,5cbf57ecf1b3f84eb09ba6c5
$49.9,$104.0,Paranormal Activity 3,Ariel Schulman,4,$199.8,5cbf57ecf1b3f84eb09ba6c6
$20.4,$51.4,Like Mike,John Schultz,6,$122.4,5cbf57ecf1b3f84eb09ba6c7
$43.8,$184.0,Batman Forever,Joel Schumacher,22,$963.0,5cbf57ecf1b3f84eb09ba6c8
$9.4,$9.4,Fun Size,Josh Schwartz,1,$9.4,5cbf57ecf1b3f84eb09ba6c9
$67.7,$130.2,Insurgent,Robert Schwentke,7,$473.6,5cbf57ecf1b3f84eb09ba6ca
$3.1,$6.0,Run Fat Boy Run,David Schwimmer,2,$6.1,5cbf57ecf1b3f84eb09ba6cb
$42.8,$132.4,The Departed,Martin Scorsese,24,"$1,027.9",5cbf57ecf1b3f84eb09ba6cc
$13.7,$30.7,Delivery Man,Ken Scott,3,$41.2,5cbf57ecf1b3f84eb09ba6cd
$69.2,$228.4,The Martian,Ridley Scott,24,"$1,661.1",5cbf57ecf1b3f84eb09ba6ce
$68.3,$179.8,Top Gun,Tony Scott,16,"$1,092.6",5cbf57ecf1b3f84eb09ba6cf
$84.4,$158.1,The Longest Yard,Peter Segal,10,$843.5,5cbf57ecf1b3f84eb09ba6d0
$46.2,$75.3,Coraline,Henry Selick,4,$184.7,5cbf57ecf1b3f84eb09ba6d1
$35.5,$48.5,Date Movie,Aaron Seltzer,5,$177.4,5cbf57ecf1b3f84eb09ba6d2
$17.0,$21.6,Shining Through,David Seltzer,3,$50.9,5cbf57ecf1b3f84eb09ba6d3
$41.8,$101.6,Gone in 60 Seconds,Dominic Sena,5,$208.9,5cbf57ecf1b3f84eb09ba6d4
$490k,$490k,Breathe (2017),Andy Serkis,1,$490k,5cbf57ecf1b3f84eb09ba6d5
$111.6,$242.8,Bruce Almighty,Tom Shadyac,8,$892.7,5cbf57ecf1b3f84eb09ba6d6
$83.6,$132.7,Bringing Down the House,Adam Shankman,9,$752.2,5cbf57ecf1b3f84eb09ba6d7
$537k,$1.6,Your Sister's Sister,Lynn Shelton,6,$3.2,5cbf57ecf1b3f84eb09ba6d8
$17.5,$17.5,Father Figures,Larry Sher,1,$17.5,5cbf57ecf1b3f84eb09ba6d9
$18.0,$31.0,Get Rich or Die Tryin',Jim Sheridan,8,$143.7,5cbf57ecf1b3f84eb09ba6da
$56.3,$56.3,Dracula Untold,Gary Shore,1,$56.3,5cbf57ecf1b3f84eb09ba6db
$112.0,$293.5,Sixth Sense,M. Night Shyamalan,12,"$1,344.6",5cbf57ecf1b3f84eb09ba6dc
$35.7,$89.3,Father of the Bride,Charles Shyer,7,$249.7,5cbf57ecf1b3f84eb09ba6dd
$59.9,$104.9,Pitch Perfect 3,Trish Sie,2,$119.8,5cbf57ecf1b3f84eb09ba6de
$235k,$235k,Big Fan,Robert D. Siegel,1,$235k,5cbf57ecf1b3f84eb09ba6df
$59.0,$118.6,Lemony Snicket,Brad Silberling,6,$354.0,5cbf57ecf1b3f84eb09ba6e0
$226k,$577k,The Maid,Sebastián Silva,3,$678k,5cbf57ecf1b3f84eb09ba6e1
$6.7,$13.3,Mod Squad,Scott Silver,2,$13.3,5cbf57ecf1b3f84eb09ba6e2
$174.6,$289.9,"Monsters, Inc.",David Silverman,3,$523.9,5cbf57ecf1b3f84eb09ba6e3
$48.8,$48.8,I Feel Pretty,Marc Silverstein,1,$48.8,5cbf57ecf1b3f84eb09ba6e4
$135.8,$233.9,X-Men: Days of Future Past,Bryan Singer,10,"$1,358.5",5cbf57ecf1b3f84eb09ba6e5
$51.7,$127.2,2 Fast 2 Furious,John Singleton,9,$465.2,5cbf57ecf1b3f84eb09ba6e6
$113.7,$300.5,The Twilight Saga: Eclipse,David Slade,3,$341.1,5cbf57ecf1b3f84eb09ba6e7
$170k,$170k,God's Pocket,John Slattery,1,$170k,5cbf57ecf1b3f84eb09ba6e8
$32.0,$32.0,She's Out of My League,Jim Field Smith,1,$32.0,5cbf57ecf1b3f84eb09ba6e9
$18.8,$44.9,Cop Out,Kevin Smith,11,$206.7,5cbf57ecf1b3f84eb09ba6ea
$46.5,$46.5,Arthur Christmas,Sarah Smith,1,$46.5,5cbf57ecf1b3f84eb09ba6eb
$105.0,$126.6,Bee Movie,Simon J. Smith,2,$210.0,5cbf57ecf1b3f84eb09ba6ec
$165.0,$330.4,Batman v Superman,Zack Snyder,8,"$1,319.6",5cbf57ecf1b3f84eb09ba6ed
$38.4,$183.4,Ocean's Eleven,Steven Soderbergh,28,"$1,074.9",5cbf57ecf1b3f84eb09ba6ee
$23.2,$50.3,K-PAX,Iain Softley,6,$139.2,5cbf57ecf1b3f84eb09ba6ef
$14.0,$16.3,An American Haunting,Courtney Solomon,3,$42.0,5cbf57ecf1b3f84eb09ba6f0
$210k,$210k,Levity,Ed Solomon,1,$210k,5cbf57ecf1b3f84eb09ba6f1
$1.2,$4.6,Welcome to the Dollhouse,Todd Solondz,8,$9.8,5cbf57ecf1b3f84eb09ba6f2
$88.3,$202.0,Mummy Returns,Stephen Sommers,8,$706.3,5cbf57ecf1b3f84eb09ba6f3
$98.0,$250.7,Men in Black,Barry Sonnenfeld,11,"$1,078.3",5cbf57ecf1b3f84eb09ba6f4
$78.5,$83.0,Turbo,David Soren,2,$156.9,5cbf57ecf1b3f84eb09ba6f5
$28.8,$28.8,Molly's Game,Aaron Sorkin,1,$28.8,5cbf57ecf1b3f84eb09ba6f6
$67.0,$118.6,Blades of Glory,Will Speck,3,$201.1,5cbf57ecf1b3f84eb09ba6f7
$35.1,$35.1,Step Up Revolution,Scott Speer,1,$35.1,5cbf57ecf1b3f84eb09ba6f8
$59.7,$59.7,Son of God,Christopher Spencer,1,$59.7,5cbf57ecf1b3f84eb09ba6f9
$52.6,$121.7,Wayne's World,Penelope Spheeris,5,$263.1,5cbf57ecf1b3f84eb09ba6fa
$141.6,$435.1,E.T.,Steven Spielberg,33,"$4,672.2",5cbf57ecf1b3f84eb09ba6fb
$6.9,$28.9,One Direction: This is Us,Morgan Spurlock,6,$41.5,5cbf57ecf1b3f84eb09ba6fc
$8.5,$8.5,Legends of Oz: Dorothy's Return,Dan St. Pierre,1,$8.5,5cbf57ecf1b3f84eb09ba6fd
$50.8,$50.8,The Boxtrolls,Anthony Stacchi,1,$50.8,5cbf57ecf1b3f84eb09ba6fe
$67.5,$92.0,John Wick 2,Chad Stahelski,2,$135.1,5cbf57ecf1b3f84eb09ba6ff
$78.3,$127.9,Rocky IV,Sylvester Stallone,8,$626.3,5cbf57ecf1b3f84eb09ba700
$41.0,$41.0,The Last Exorcism,Daniel Stamm,1,$41.0,5cbf57ecf1b3f84eb09ba701
$291.0,$486.3,Finding Dory,Andrew Stanton,4,"$1,164.0",5cbf57ecf1b3f84eb09ba702
$27.8,$64.2,17 Again,Burr Steers,4,$111.0,5cbf57ecf1b3f84eb09ba703
$62.3,$62.3,Underworld Awakening,Bjorn Stein,1,$62.3,5cbf57ecf1b3f84eb09ba704
$5.1,$18.7,Michael Jordan (IMAX),James D. Stern,4,$20.4,5cbf57ecf1b3f84eb09ba705
$16.2,$16.3,Swing Vote,Joshua Michael Stern,2,$32.4,5cbf57ecf1b3f84eb09ba706
$319k,$319k,Winter Solstice,Josh Sternfeld,1,$319k,5cbf57ecf1b3f84eb09ba707
$11.5,$11.5,The Words,Lee Sternthal,1,$11.5,5cbf57ecf1b3f84eb09ba708
$28.9,$40.2,Legion,Scott Charles Stewart,3,$86.7,5cbf57ecf1b3f84eb09ba709
$54.0,$110.5,Tropic Thunder,Ben Stiller,6,$324.0,5cbf57ecf1b3f84eb09ba70a
$4.7,$14.0,Love & Friendship,Whit Stillman,6,$28.3,5cbf57ecf1b3f84eb09ba70b
$16.6,$40.4,Blue Crush,John Stockwell,5,$83.2,5cbf57ecf1b3f84eb09ba70c
$14.7,$40.4,You Got Served,Chris Stokes,3,$44.0,5cbf57ecf1b3f84eb09ba70d
$71.9,$150.2,Neighbors,Nick Stoller,6,$431.3,5cbf57ecf1b3f84eb09ba70e
$40.3,$138.5,Platoon,Oliver Stone,19,$766.0,5cbf57ecf1b3f84eb09ba70f
$24.8,$56.4,Drumline,Charles Stone III,5,$123.8,5cbf57ecf1b3f84eb09ba710
$97.7,$154.7,Fantastic Four (2005),Tim Story,8,$781.9,5cbf57ecf1b3f84eb09ba711
$31.6,$41.8,Aliens Vs. Predator - Requiem,Greg Strause,2,$63.2,5cbf57ecf1b3f84eb09ba712
$41.9,$48.7,Isn't It Romantic,Todd Strauss-Schulson,2,$83.7,5cbf57ecf1b3f84eb09ba713
$52.0,$74.8,The Prince of Tides,Barbra Streisand,3,$156.1,5cbf57ecf1b3f84eb09ba714
$241.4,$241.4,Maleficent,Robert Stromberg,1,$241.4,5cbf57ecf1b3f84eb09ba715
$378k,$378k,Rebel in the Rye,Danny Strong,1,$378k,5cbf57ecf1b3f84eb09ba716
$65.6,$125.0,The Vow,Michael Sucsy,2,$131.1,5cbf57ecf1b3f84eb09ba717
$23.9,$33.4,2016 Obama's America,John Sullivan,2,$47.9,5cbf57ecf1b3f84eb09ba718
$383k,$383k,Hesher,Spencer Susser,1,$383k,5cbf57ecf1b3f84eb09ba719
$109k,$109k,"Truth or Consequences, N.M.",Kiefer Sutherland,1,$109k,5cbf57ecf1b3f84eb09ba71a
$104k,$343k,Drinking Buddies,Joe Swanberg,5,$521k,5cbf57ecf1b3f84eb09ba71b
$3.1,$3.1,Wild Tales,Damian Szifron,1,$3.1,5cbf57ecf1b3f84eb09ba71c
$9.1,$9.6,Popstar,Jorma Taccone,2,$18.2,5cbf57ecf1b3f84eb09ba71d
$40.3,$160.9,Die Another Day,Lee Tamahori,8,$322.5,5cbf57ecf1b3f84eb09ba71e
$72.1,$162.8,Django Unchained,Quentin Tarantino,9,$649.2,5cbf57ecf1b3f84eb09ba71f
$44.9,$83.5,Immortals,Tarsem,5,$224.3,5cbf57ecf1b3f84eb09ba720
$148.1,$206.4,Thor: The Dark World,Alan Taylor,2,$296.1,5cbf57ecf1b3f84eb09ba721
$28.5,$51.8,Ghost Rider 2,Brian Taylor,4,$113.8,5cbf57ecf1b3f84eb09ba722
$69.0,$169.7,The Help,Tate Taylor,4,$275.8,5cbf57ecf1b3f84eb09ba723
$83.8,$166.2,Fifty Shades of Grey,Sam Taylor-Johnson,2,$167.6,5cbf57ecf1b3f84eb09ba724
$13.2,$25.9,Frida,Julie Taymor,4,$52.8,5cbf57ecf1b3f84eb09ba725
$66.4,$179.5,Hitch,Andy Tennant,9,$598.0,5cbf57ecf1b3f84eb09ba726
$1.2,$1.2,Heights,Chris Terrio,1,$1.2,5cbf57ecf1b3f84eb09ba727
$80.5,$219.6,Alvin and the Chipmunks 2,Betty Thomas,7,$563.3,5cbf57ecf1b3f84eb09ba728
$14.8k,$14.8k,Jayne Mansfield's Car,Billy Bob Thornton,1,$14.8k,5cbf57ecf1b3f84eb09ba729
$92.1,$150.4,We're the Millers,Rawson Marshall Thurber,5,$460.7,5cbf57ecf1b3f84eb09ba72a
$163.0,$163.0,SpongeBob,Paul Tibbitt,1,$163.0,5cbf57ecf1b3f84eb09ba72b
$23.0,$40.0,A Haunted House,Michael Tiddes,3,$69.1,5cbf57ecf1b3f84eb09ba72c
$31.5,$48.8,Men of Honor,"George Tillman, Jr.",7,$220.3,5cbf57ecf1b3f84eb09ba72d
$57.3k,$57.3k,Finding Amanda,Peter Tolan,1,$57.3k,5cbf57ecf1b3f84eb09ba72e
$31.6,$31.6,House at the End of The Street,Mark Tonderai,1,$31.6,5cbf57ecf1b3f84eb09ba72f
$60.3,$64.6,Chronicle,Josh Trank,2,$120.7,5cbf57ecf1b3f84eb09ba730
$28.6,$72.3,Vantage Point,Pete Travis,3,$85.7,5cbf57ecf1b3f84eb09ba731
$89.1,$117.2,Jackass 3-D,Jeff Tremaine,4,$356.3,5cbf57ecf1b3f84eb09ba732
$220.3,$652.3,Jurassic World,Colin Trevorrow,3,$660.8,5cbf57ecf1b3f84eb09ba733
$3.0,$12.0,Big Night,Stanley Tucci,5,$15.1,5cbf57ecf1b3f84eb09ba734
$95.7,$220.0,National Treasure: Book of Secrets,Jon Turteltaub,11,"$1,052.8",5cbf57ecf1b3f84eb09ba735
$28.2,$57.8,The Chronicles of Riddick,David Twohy,6,$169.2,5cbf57ecf1b3f84eb09ba736
$8.5,$27.1,Cloud Atlas,Tom Tykwer,8,$68.2,5cbf57ecf1b3f84eb09ba737
$48.1,$100.0,Passengers,Morten Tyldum,4,$192.5,5cbf57ecf1b3f84eb09ba738
$34.7,$124.0,City Slickers,Ron Underwood,7,$243.2,5cbf57ecf1b3f84eb09ba739
$308.3,$415.0,Toy Story 3,Lee Unkrich,5,"$1,541.3",5cbf57ecf1b3f84eb09ba73a
$19.5,$37.9,Wild (2014),Jean-Marc Vallee,4,$78.2,5cbf57ecf1b3f84eb09ba73b
$21.7,$21.7,The Quest,Jean-Claude Van Damme,1,$21.7,5cbf57ecf1b3f84eb09ba73c
$17.0,$138.4,Good Will Hunting,Gus Van Sant,17,$289.4,5cbf57ecf1b3f84eb09ba73d
$2.5,$2.5,Truth,James Vanderbilt,1,$2.5,5cbf57ecf1b3f84eb09ba73e
$11.0k,$11.0k,I Hate Valentine's Day,Nia Vardalos,1,$11.0k,5cbf57ecf1b3f84eb09ba73f
$30.9,$80.3,What Happens in Vegas,Tom Vaughan,3,$92.6,5cbf57ecf1b3f84eb09ba740
$77.3,$146.4,X-Men: First Class,Matthew Vaughn,6,$464.0,5cbf57ecf1b3f84eb09ba741
$70.8k,$103k,Henry's Crime,Malcolm Venville,2,$142k,5cbf57ecf1b3f84eb09ba742
$152.9,$423.3,Dead Man's Chest,Gore Verbinski,10,"$1,529.4",5cbf57ecf1b3f84eb09ba743
$49.5,$119.4,Total Recall,Paul Verhoeven,9,$445.7,5cbf57ecf1b3f84eb09ba744
$238.4,$441.2,Shrek 2,Conrad Vernon,4,$953.7,5cbf57ecf1b3f84eb09ba745
$43.4,$100.5,Arrival,Denis Villeneuve,7,$303.8,5cbf57ecf1b3f84eb09ba746
$84.7,$168.1,Kong: Skull Island,Jordan Vogt-Roberts,2,$169.4,5cbf57ecf1b3f84eb09ba747
$102.1,$281.6,The Matrix Reloaded,Lilly & Lana Wachowski,7,$714.6,5cbf57ecf1b3f84eb09ba748
$6.9k,$9.5k,Tru Loved,Stewart Wade,2,$13.9k,5cbf57ecf1b3f84eb09ba749
$26.3,$41.4,Truth or Dare,Jeff Wadlow,4,$105.1,5cbf57ecf1b3f84eb09ba74a
$21.5,$67.3,Role Models,David Wain,4,$85.8,5cbf57ecf1b3f84eb09ba74b
$64.8,$315.1,Thor: Ragnarok,Taika Waititi,5,$324.2,5cbf57ecf1b3f84eb09ba74c
$71.6,$91.4,Heaven is for Real,Randall Wallace,4,$286.2,5cbf57ecf1b3f84eb09ba74d
$62.6k,$62.6k,Meet Bill,Melisa Wallack,1,$62.6k,5cbf57ecf1b3f84eb09ba74e
$127.5,$353.0,Furious 7,James Wan,9,"$1,147.9",5cbf57ecf1b3f84eb09ba74f
$36.3,$57.7,Fences,Denzel Washington,3,$109.0,5cbf57ecf1b3f84eb09ba750
$47.6,$110.2,Freaky Friday,Mark S. Waters,10,$475.9,5cbf57ecf1b3f84eb09ba751
$18.1,$54.3,The Woman in Black,James Watkins,3,$54.4,5cbf57ecf1b3f84eb09ba752
$42.9,$42.9,Snitch,Ric Roman Waugh,1,$42.9,5cbf57ecf1b3f84eb09ba753
$37.9,$70.0,Act of Valor,Scott Waugh,3,$113.6,5cbf57ecf1b3f84eb09ba754
$66.7,$157.0,Scary Movie,Keenen Ivory Wayans,6,$400.2,5cbf57ecf1b3f84eb09ba755
$104.5,$262.0,The Amazing Spider-Man,Marc Webb,5,$522.7,5cbf57ecf1b3f84eb09ba756
$111.4,$176.4,Ice Age,Chris Wedge,4,$445.5,5cbf57ecf1b3f84eb09ba757
$2.8,$2.8,How to Lose Friends and Alienate People,Robert B. Weide,1,$2.8,5cbf57ecf1b3f84eb09ba758
$45.4,$125.6,Truman Show,Peter Weir,10,$454.0,5cbf57ecf1b3f84eb09ba759
$81.9,$296.6,New Moon,Chris Weitz,6,$491.7,5cbf57ecf1b3f84eb09ba75a
$40.8,$148.4,Little Fockers,Paul Weitz,11,$449.1,5cbf57ecf1b3f84eb09ba75b
$18.6,$37.7,August: Osage County,John Wells,3,$55.8,5cbf57ecf1b3f84eb09ba75c
$37.1,$101.4,Prince of Egypt,Simon Wells,6,$222.5,5cbf57ecf1b3f84eb09ba75d
$2.7,$4.9,Vamp,Richard Wenk,2,$5.4,5cbf57ecf1b3f84eb09ba75e
$71.0,$131.2,Tomb Raider,Simon West,7,$497.3,5cbf57ecf1b3f84eb09ba75f
$58.1k,$101k,The House of the Devil,Ti West,6,$348k,5cbf57ecf1b3f84eb09ba760
$5.3,$18.8,Still Alice,Wash Westmoreland,5,$26.4,5cbf57ecf1b3f84eb09ba761
$32.1,$52.2,Insidious Chapter 3,Leigh Whannell,2,$64.2,5cbf57ecf1b3f84eb09ba762
$278.1,$623.4,The Avengers,Joss Whedon,4,"$1,112.2",5cbf57ecf1b3f84eb09ba763
$45.4,$67.1,Waiting to Exhale,Forest Whitaker,3,$136.2,5cbf57ecf1b3f84eb09ba764
$24.7,$24.7,Lottery Ticket,Erik White,1,$24.7,5cbf57ecf1b3f84eb09ba765
$1.8,$2.1,Brad's Status,Mike White,2,$3.7,5cbf57ecf1b3f84eb09ba766
$50.9,$50.9,Ouija,Stiles White,1,$50.9,5cbf57ecf1b3f84eb09ba767
$10.7,$29.0,Nanny McPhee Returns,Susanna White,3,$32.2,5cbf57ecf1b3f84eb09ba768
$35.6,$70.2,Big Momma's House 2,John Whitesell,6,$213.5,5cbf57ecf1b3f84eb09ba769
$16.7,$25.3,The Woman in Red,Gene Wilder,2,$33.3,5cbf57ecf1b3f84eb09ba76a
$168.3,$222.5,Big Hero 6,Chris Williams,2,$336.6,5cbf57ecf1b3f84eb09ba76b
$11.8k,$11.8k,The Dry Land,Ryan Piers Williams,1,$11.8k,5cbf57ecf1b3f84eb09ba76c
$29.6,$84.8,Paranormal Activity 2,Tod Williams,3,$88.7,5cbf57ecf1b3f84eb09ba76d
$548k,$1.1,50 to 1,Jim Wilson,2,$1.1,5cbf57ecf1b3f84eb09ba76e
$127k,$127k,The Wendell Baker Story,Luke Wilson,1,$127k,5cbf57ecf1b3f84eb09ba76f
$9.9,$18.5,Ultraviolet,Kurt Wimmer,2,$19.7,5cbf57ecf1b3f84eb09ba770
$33.0,$33.0,Arthur (2011),Jason Winer,1,$33.0,5cbf57ecf1b3f84eb09ba771
$13.2,$20.8,Blair Witch,Adam Wingard,3,$39.6,5cbf57ecf1b3f84eb09ba772
$36.5,$83.0,Charlotte's Web,Gary Winick,7,$255.2,5cbf57ecf1b3f84eb09ba773
$16.9,$50.7,The Net,Irwin Winkler,7,$118.0,5cbf57ecf1b3f84eb09ba774
$1.0,$9.2,A Mighty Heart,Michael Winterbottom,21,$21.3,5cbf57ecf1b3f84eb09ba775
$27.9,$55.7,Hansel and Gretel,Tommy Wirkola,2,$55.8,5cbf57ecf1b3f84eb09ba776
$76.9,$134.5,Live Free or Die Hard,Len Wiseman,4,$307.7,5cbf57ecf1b3f84eb09ba777
$27.4,$48.2,The House Bunny,Fred Wolf,2,$54.8,5cbf57ecf1b3f84eb09ba778
$40.2,$54.1,Final Destination 3,James Wong,4,$160.7,5cbf57ecf1b3f84eb09ba779
$75.2,$215.4,Mission: Impossible II,John Woo,7,$526.4,5cbf57ecf1b3f84eb09ba77a
$23.4,$36.4,Beauty Shop,Bille Woodruff,4,$93.7,5cbf57ecf1b3f84eb09ba77b
$5.7,$5.7,For Greater Glory,Dean Wright,1,$5.7,5cbf57ecf1b3f84eb09ba77c
$40.5,$107.8,Baby Driver,Edgar Wright,5,$202.5,5cbf57ecf1b3f84eb09ba77d
$38.0,$56.5,Darkest Hour,Joe Wright,7,$265.7,5cbf57ecf1b3f84eb09ba77e
$54.1,$176.8,Rise of the Planet of the Apes,Rupert Wyatt,4,$216.4,5cbf57ecf1b3f84eb09ba77f
$31.7,$115.7,Remember the Titans,Boaz Yakin,7,$221.9,5cbf57ecf1b3f84eb09ba780
$1.1,$1.1,Papa: Hemingway in Cuba,Bob Yari,1,$1.1,5cbf57ecf1b3f84eb09ba781
$256.0,$381.2,Harry Potter / Deathly Hallows (P2),David Yates,7,"$1,791.8",5cbf57ecf1b3f84eb09ba782
$8.2,$53.7,Hero,Zhang Yimou,16,$131.0,5cbf57ecf1b3f84eb09ba783
$30.3,$82.6,Freddy Vs. Jason,Ronny Yu,5,$151.4,5cbf57ecf1b3f84eb09ba784
$107.2,$165.2,Kung Fu Panda 2,Jennifer Yuh Nelson,3,$321.5,5cbf57ecf1b3f84eb09ba785
$21.8,$21.8,The Big Wedding,Justin Zackham,1,$21.8,5cbf57ecf1b3f84eb09ba786
$23.7,$56.7,A Civil Action,Steven Zaillian,3,$71.2,5cbf57ecf1b3f84eb09ba787
$12.8,$12.8,Beasts of the Southern Wild,Benh Zeitlin,1,$12.8,5cbf57ecf1b3f84eb09ba788
$110.8,$330.3,Forrest Gump,Robert Zemeckis,19,"$2,104.3",5cbf57ecf1b3f84eb09ba789
$20.5,$58.3,Halloween (2007),Rob Zombie,6,$123.3,5cbf57ecf1b3f84eb09ba78a
$57.2,$110.0,Scary Movie 3,David Zucker,10,$571.5,5cbf57ecf1b3f84eb09ba78b
$81.2,$217.6,Ghost,Jerry Zucker,6,$487.4,5cbf57ecf1b3f84eb09ba78c
$59.6,$176.6,The Karate Kid,Harald Zwart,5,$297.9,5cbf57ecf1b3f84eb09ba78d
$43.7,$111.1,The Last Samurai,Edward Zwick,12,$524.3,5cbf57ecf1b3f84eb09ba78e
